Date, Cityname, Citycode, Provincename, Number,weekday,month,day
2020-03-31, Appingedam,3, Groningen,1,Tuesday,3,31
2020-03-31, Waalwijk,867, North Brabant,16,Tuesday,3,31
2020-03-31, Vught,865, North Brabant,23,Tuesday,3,31
2020-03-31, Veldhoven,861, North Brabant,7,Tuesday,3,31
2020-03-31, Valkenswaard,858, North Brabant,6,Tuesday,3,31
2020-03-31, Uden,856, North Brabant,67,Tuesday,3,31
2020-03-31, Tilburg,855, North Brabant,115,Tuesday,3,31
2020-03-31, Waterland,852, North Holland,8,Tuesday,3,31
2020-03-31, Steenbergen,851, North Brabant,7,Tuesday,3,31
2020-03-31, Son en Breugel,848, North Brabant,15,Tuesday,3,31
2020-03-31, Someren,847, North Brabant,8,Tuesday,3,31
2020-03-31, Sint-Michielsgestel,845, North Brabant,14,Tuesday,3,31
2020-03-31, Rucphen,840, North Brabant,3,Tuesday,3,31
2020-03-31, Oss,828, North Brabant,73,Tuesday,3,31
2020-03-31, Oosterhout,826, North Brabant,23,Tuesday,3,31
2020-03-31, Oisterwijk,824, North Brabant,9,Tuesday,3,31
2020-03-31, Oirschot,823, North Brabant,6,Tuesday,3,31
"2020-03-31,"" """"Nuenen Gerwen and Nederwetten"""""",820,Noord-Brabant,7,Tuesday,3,31"
2020-03-31, Woensdrecht,873, North Brabant,4,Tuesday,3,31
2020-03-31, Zundert,879, North Brabant,13,Tuesday,3,31
2020-03-31, Wormerland,880, North Holland,8,Tuesday,3,31
2020-03-31, Landgraaf,882, Limburg,7,Tuesday,3,31
2020-03-31, Weert,988, Limburg,27,Tuesday,3,31
2020-03-31, Voerendaal,986, Limburg,2,Tuesday,3,31
2020-03-31, Venray,984, Limburg,22,Tuesday,3,31
2020-03-31, Venlo,983, Limburg,64,Tuesday,3,31
2020-03-31, Vaals,981, Limburg,2,Tuesday,3,31
2020-03-31, Stein,971, Limburg,11,Tuesday,3,31
2020-03-31, Simpelveld,965, Limburg,2,Tuesday,3,31
2020-03-31, Roermond,957, Limburg,25,Tuesday,3,31
2020-03-31, Mill and Sint Hubert,815, North Brabant,6,Tuesday,3,31
2020-03-31, Nederweert,946, Limburg,22,Tuesday,3,31
2020-03-31, Meerssen,938, Limburg,3,Tuesday,3,31
2020-03-31, Maastricht,935, Limburg,25,Tuesday,3,31
2020-03-31, Kerkrade,928, Limburg,10,Tuesday,3,31
2020-03-31, Heerlen,917, Limburg,24,Tuesday,3,31
2020-03-31, Gennep,907, Limburg,9,Tuesday,3,31
2020-03-31, Brunssum,899, Limburg,9,Tuesday,3,31
2020-03-31, Bergen (L.),893, Limburg,3,Tuesday,3,31
2020-03-31, Beesel,889, Limburg,10,Tuesday,3,31
2020-03-31, Mook and Middelaar,944, Limburg,3,Tuesday,3,31
2020-03-31, Valkenburg aan de Geul,994, Limburg,2,Tuesday,3,31
2020-03-31, Loon op Zand,809, North Brabant,15,Tuesday,3,31
2020-03-31, Heusden,797, North Brabant,22,Tuesday,3,31
2020-03-31, De Ronde Venen,736, Utrecht,11,Tuesday,3,31
2020-03-31, Vlissingen,718, Zeeland,5,Tuesday,3,31
2020-03-31, Veere,717, Zeeland,3,Tuesday,3,31
2020-03-31, Tholen,716, Zeeland,20,Tuesday,3,31
2020-03-31, Terneuzen,715, Zeeland,11,Tuesday,3,31
2020-03-31, Reimerswaal,703, Zeeland,4,Tuesday,3,31
2020-03-31, Middelburg,687, Zeeland,10,Tuesday,3,31
2020-03-31, Kapelle,678, Zeeland,1,Tuesday,3,31
2020-03-31, Hulst,677, Zeeland,4,Tuesday,3,31
2020-03-31, West Maas and Waal,668, Gelderland,9,Tuesday,3,31
2020-03-31, Goes,664, Zeeland,5,Tuesday,3,31
2020-03-31, Borsele,654, Zeeland,3,Tuesday,3,31
2020-03-31, Zwijndrecht,642, South Holland,9,Tuesday,3,31
2020-03-31, Zoeterwoude,638, South Holland,2,Tuesday,3,31
2020-03-31, Zoetermeer,637, South Holland,21,Tuesday,3,31
2020-03-31, Woerden,632, Utrecht,22,Tuesday,3,31
2020-03-31, Wassenaar,629, South Holland,2,Tuesday,3,31
2020-03-31, Tytsjerksteradiel,737, Friesland,1,Tuesday,3,31
2020-03-31, Asten,743, North Brabant,4,Tuesday,3,31
2020-03-31, Baarle-Nassau,744, North Brabant,1,Tuesday,3,31
2020-03-31, Bergen op Zoom,748, North Brabant,11,Tuesday,3,31
2020-03-31, 's-Hertogenbosch,796, North Brabant,67,Tuesday,3,31
2020-03-31, Helmond,794, North Brabant,35,Tuesday,3,31
2020-03-31, Haaren,788, North Brabant,14,Tuesday,3,31
2020-03-31, Grave,786, North Brabant,10,Tuesday,3,31
2020-03-31, Goirle,785, North Brabant,16,Tuesday,3,31
2020-03-31, Gilze and Rijen,784, North Brabant,13,Tuesday,3,31
2020-03-31, Geertruidenberg,779, North Brabant,7,Tuesday,3,31
2020-03-31, Etten-Leur,777, North Brabant,21,Tuesday,3,31
2020-03-31, Hilvarenbeek,798, North Brabant,4,Tuesday,3,31
2020-03-31, Eindhoven,772, North Brabant,46,Tuesday,3,31
2020-03-31, Dongen,766, North Brabant,7,Tuesday,3,31
2020-03-31, Pekela,765, Groningen,3,Tuesday,3,31
2020-03-31, Deurne,762, North Brabant,34,Tuesday,3,31
2020-03-31, Breda,758, North Brabant,113,Tuesday,3,31
2020-03-31, Boxtel,757, North Brabant,9,Tuesday,3,31
2020-03-31, Boxmeer,756, North Brabant,8,Tuesday,3,31
2020-03-31, Boekel,755, North Brabant,21,Tuesday,3,31
2020-03-31, Best,753, North Brabant,18,Tuesday,3,31
2020-03-31, Eersel,770, North Brabant,11,Tuesday,3,31
2020-03-31, Waddinxveen,627, South Holland,4,Tuesday,3,31
2020-03-31, Horst aan de Maas,1507, Limburg,21,Tuesday,3,31
2020-03-31, Teylingen,1525, South Holland,6,Tuesday,3,31
2020-03-31, Hollands Kroon,1911, North Holland,17,Tuesday,3,31
2020-03-31, Stichtse Vecht,1904, Utrecht,16,Tuesday,3,31
2020-03-31, Eijsden-Margraten,1903, Limburg,6,Tuesday,3,31
2020-03-31, Bodegraven-Reeuwijk,1901, South Holland,2,Tuesday,3,31
2020-03-31, Súdwest-Fryslân,1900, Friesland,12,Tuesday,3,31
2020-03-31, Zwartewaterland,1896, Overijssel,20,Tuesday,3,31
2020-03-31, Oldambt,1895, Groningen,1,Tuesday,3,31
2020-03-31, Peel and Maas,1894, Limburg,103,Tuesday,3,31
2020-03-31, Zuidplas,1892, South Holland,9,Tuesday,3,31
2020-03-31, Kaag and Braassem,1884, South Holland,4,Tuesday,3,31
2020-03-31, Sittard-Geleen,1883, Limburg,24,Tuesday,3,31
2020-03-31, Bronckhorst,1876, Gelderland,1,Tuesday,3,31
2020-03-31, Berkelland,1859, Gelderland,1,Tuesday,3,31
2020-03-31, Midden-Delfland,1842, South Holland,1,Tuesday,3,31
2020-03-31, Westland,1783, South Holland,25,Tuesday,3,31
2020-03-31, Dinkelland,1774, Overijssel,11,Tuesday,3,31
2020-03-31, Olst-Wijhe,1773, Overijssel,5,Tuesday,3,31
2020-03-31, Leidschendam-Voorburg,1916, South Holland,7,Tuesday,3,31
2020-03-31, Goeree-Overflakkee,1924, South Holland,24,Tuesday,3,31
2020-03-31, Pijnacker-Nootdorp,1926, South Holland,9,Tuesday,3,31
2020-03-31, Nissewaard,1930, South Holland,19,Tuesday,3,31
2020-03-31, Molenlanden,1978, South Holland,9,Tuesday,3,31
2020-03-31, Noardeast-Fryslân,1970, Friesland,4,Tuesday,3,31
2020-03-31, Westerkwartier,1969, Groningen,9,Tuesday,3,31
2020-03-31, Het Hogeland,1966, Groningen,4,Tuesday,3,31
2020-03-31, Hoeksche Waard,1963, South Holland,29,Tuesday,3,31
2020-03-31, Vijfheerenlanden,1961, Utrecht,11,Tuesday,3,31
2020-03-31, West Betuwe,1960, Gelderland,12,Tuesday,3,31
2020-03-31, Altena,1959, North Brabant,17,Tuesday,3,31
2020-03-31, Geldrop-Mierlo,1771, North Brabant,9,Tuesday,3,31
2020-03-31, Montferland,1955, Gelderland,3,Tuesday,3,31
2020-03-31, Central Groningen,1952, Groningen,4,Tuesday,3,31
2020-03-31, Westerwolde,1950, Groningen,4,Tuesday,3,31
2020-03-31, Waadhoeke,1949, Friesland,2,Tuesday,3,31
2020-03-31, Meierijstad,1948, North Brabant,110,Tuesday,3,31
2020-03-31, Berg en Dal,1945, Gelderland,15,Tuesday,3,31
2020-03-31, Gooise Meren,1942, North Holland,10,Tuesday,3,31
2020-03-31, De Fryske Marren,1940, Friesland,11,Tuesday,3,31
2020-03-31, Krimpenerwaard,1931, South Holland,22,Tuesday,3,31
2020-03-31, Beekdaelen,1954, Limburg,12,Tuesday,3,31
2020-03-31, Oude IJsselstreek,1509, Gelderland,2,Tuesday,3,31
2020-03-31, Rijssen-Holten,1742, Overijssel,8,Tuesday,3,31
2020-03-31, Hof van Twente,1735, Overijssel,8,Tuesday,3,31
2020-03-31, Cuijk,1684, North Brabant,5,Tuesday,3,31
2020-03-31, Borger-Odoorn,1681, Drenthe,1,Tuesday,3,31
2020-03-31, Aa and Hunze,1680, Drenthe,1,Tuesday,3,31
2020-03-31, Schouwen-Duiveland,1676, Zeeland,6,Tuesday,3,31
2020-03-31, Roosendaal,1674, North Brabant,11,Tuesday,3,31
2020-03-31, Roerdalen,1669, Limburg,13,Tuesday,3,31
2020-03-31, Reusel-De Mierden,1667, North Brabant,1,Tuesday,3,31
2020-03-31, Laarbeek,1659, North Brabant,18,Tuesday,3,31
2020-03-31, Heeze-Leende,1658, North Brabant,5,Tuesday,3,31
2020-03-31, Halderberge,1655, North Brabant,9,Tuesday,3,31
2020-03-31, Gemert-Bakel,1652, North Brabant,48,Tuesday,3,31
2020-03-31, Maasgouw,1641, Limburg,10,Tuesday,3,31
2020-03-31, Leudal,1640, Limburg,32,Tuesday,3,31
2020-03-31, Lansingerland,1621, South Holland,15,Tuesday,3,31
2020-03-31, Koggenland,1598, North Holland,4,Tuesday,3,31
2020-03-31, Oost Gelre,1586, Gelderland,2,Tuesday,3,31
2020-03-31, Utrechtse Heuvelrug,1581, Utrecht,11,Tuesday,3,31
2020-03-31, Landerd,1685, North Brabant,20,Tuesday,3,31
2020-03-31, De Wolden,1690, Drenthe,2,Tuesday,3,31
2020-03-31, Wijdemeren,1696, North Holland,3,Tuesday,3,31
2020-03-31, Noordenveld,1699, Drenthe,1,Tuesday,3,31
2020-03-31, Overbetuwe,1734, Gelderland,32,Tuesday,3,31
2020-03-31, Midden-Drenthe,1731, Drenthe,4,Tuesday,3,31
2020-03-31, Tynaarlo,1730, Drenthe,5,Tuesday,3,31
2020-03-31, Gulpen-Wittem,1729, Limburg,2,Tuesday,3,31
2020-03-31, Bladel,1728, North Brabant,7,Tuesday,3,31
2020-03-31, Bergeijk,1724, North Brabant,5,Tuesday,3,31
2020-03-31, Alphen-Chaam,1723, North Brabant,9,Tuesday,3,31
2020-03-31, Bernheze,1721, North Brabant,57,Tuesday,3,31
2020-03-31, Neder-Betuwe,1740, Gelderland,22,Tuesday,3,31
2020-03-31, Drimmelen,1719, North Brabant,14,Tuesday,3,31
2020-03-31, Echt-Susteren,1711, Limburg,20,Tuesday,3,31
2020-03-31, Moerdijk,1709, North Brabant,5,Tuesday,3,31
2020-03-31, Steenwijkerland,1708, Overijssel,6,Tuesday,3,31
2020-03-31, Cranendonck,1706, North Brabant,28,Tuesday,3,31
2020-03-31, Lingewaard,1705, Gelderland,14,Tuesday,3,31
2020-03-31, Sint Anthonis,1702, Noord-Brabant,14,Tuesday,3,31
2020-03-31, Westerveld,1701, Drenthe,1,Tuesday,3,31
2020-03-31, Twenterand,1700, Overijssel,5,Tuesday,3,31
2020-03-31, Sluis,1714, Zeeland,4,Tuesday,3,31
2020-03-31, Voorschoten,626, South Holland,4,Tuesday,3,31
2020-03-31, Lelystad,995, Flevoland,24,Tuesday,3,31
2020-03-31, Westvoorne,614, South Holland,4,Tuesday,3,31
2020-03-31, Nijkerk,267, Gelderland,10,Tuesday,3,31
2020-03-31, Maasdriel,263, Gelderland,9,Tuesday,3,31
2020-03-31, Lochem,262, Gelderland,2,Tuesday,3,31
2020-03-31, Heumen,252, Gelderland,7,Tuesday,3,31
2020-03-31, Heerde,246, Gelderland,17,Tuesday,3,31
2020-03-31, Hattem,244, Gelderland,3,Tuesday,3,31
2020-03-31, Harderwijk,243, Gelderland,8,Tuesday,3,31
2020-03-31, Ermelo,233, Gelderland,8,Tuesday,3,31
2020-03-31, Epe,232, Gelderland,7,Tuesday,3,31
2020-03-31, Elburg,230, Gelderland,2,Tuesday,3,31
2020-03-31, Ede,228, Gelderland,24,Tuesday,3,31
2020-03-31, Duiven,226, Gelderland,4,Tuesday,3,31
2020-03-31, Druten,225, Gelderland,12,Tuesday,3,31
2020-03-31, Doetinchem,222, Gelderland,5,Tuesday,3,31
2020-03-31, Doesburg,221, Gelderland,3,Tuesday,3,31
2020-03-31, Culemborg,216, Gelderland,13,Tuesday,3,31
2020-03-31, Buren,214, Gelderland,5,Tuesday,3,31
2020-03-31, Nijmegen,268, Gelderland,72,Tuesday,3,31
2020-03-31, Oldebroek,269, Gelderland,6,Tuesday,3,31
2020-03-31, Putten,273, Gelderland,1,Tuesday,3,31
2020-03-31, Renkum,274, Gelderland,10,Tuesday,3,31
2020-03-31, Bunschoten,313, Utrecht,1,Tuesday,3,31
2020-03-31, Bunnik,312, Utrecht,4,Tuesday,3,31
2020-03-31, De Bilt,310, Utrecht,11,Tuesday,3,31
2020-03-31, Baarn,308, Utrecht,2,Tuesday,3,31
2020-03-31, Amersfoort,307, Utrecht,24,Tuesday,3,31
2020-03-31, Dronten,303, Flevoland,8,Tuesday,3,31
2020-03-31, Nunspeet,302, Gelderland,15,Tuesday,3,31
2020-03-31, Zutphen,301, Gelderland,5,Tuesday,3,31
2020-03-31, Beuningen,209, Gelderland,12,Tuesday,3,31
2020-03-31, Zevenaar,299, Gelderland,16,Tuesday,3,31
2020-03-31, Wijchen,296, Gelderland,27,Tuesday,3,31
2020-03-31, Winterswijk,294, Gelderland,1,Tuesday,3,31
2020-03-31, Westervoort,293, Gelderland,2,Tuesday,3,31
2020-03-31, Wageningen,289, Gelderland,5,Tuesday,3,31
2020-03-31, Voorst,285, Gelderland,3,Tuesday,3,31
2020-03-31, Tiel,281, Gelderland,21,Tuesday,3,31
2020-03-31, Rozendaal,277, Gelderland,1,Tuesday,3,31
2020-03-31, Rheden,275, Gelderland,20,Tuesday,3,31
2020-03-31, Zaltbommel,297, Gelderland,8,Tuesday,3,31
2020-03-31, Eemnes,317, Utrecht,1,Tuesday,3,31
2020-03-31, Barneveld,203, Gelderland,5,Tuesday,3,31
2020-03-31, Apeldoorn,200, Gelderland,19,Tuesday,3,31
2020-03-31, Hoogeveen,118, Drenthe,4,Tuesday,3,31
2020-03-31, Emmen,114, Drenthe,6,Tuesday,3,31
2020-03-31, Coevorden,109, Drenthe,5,Tuesday,3,31
2020-03-31, Assen,106, Drenthe,5,Tuesday,3,31
2020-03-31, Weststellingwerf,98, Friesland,2,Tuesday,3,31
2020-03-31, Smallingerland,90, Friesland,5,Tuesday,3,31
2020-03-31, Opsterland,86, Friesland,4,Tuesday,3,31
2020-03-31, Ooststellingwerf,85, Friesland,1,Tuesday,3,31
2020-03-31, Leeuwarden,80, Friesland,16,Tuesday,3,31
2020-03-31, Heerenveen,74, Friesland,5,Tuesday,3,31
2020-03-31, Harlingen,72, Friesland,1,Tuesday,3,31
2020-03-31, Zeewolde,50, Flevoland,3,Tuesday,3,31
2020-03-31, Veendam,47, Groningen,1,Tuesday,3,31
2020-03-31, Almere,34, Flevoland,46,Tuesday,3,31
2020-03-31, Groningen,14, Groningen,9,Tuesday,3,31
2020-03-31, Delfzijl,10, Groningen,4,Tuesday,3,31
2020-03-31, Vlaardingen,622, South Holland,12,Tuesday,3,31
2020-03-31, Meppel,119, Drenthe,3,Tuesday,3,31
2020-03-31, Almelo,141, Overijssel,8,Tuesday,3,31
2020-03-31, Borne,147, Overijssel,10,Tuesday,3,31
2020-03-31, Dalfsen,148, Overijssel,7,Tuesday,3,31
2020-03-31, Aalten,197, Gelderland,1,Tuesday,3,31
2020-03-31, Zwolle,193, Overijssel,24,Tuesday,3,31
2020-03-31, Wierden,189, Overijssel,2,Tuesday,3,31
2020-03-31, Urk,184, Flevoland,11,Tuesday,3,31
2020-03-31, Tubbergen,183, Overijssel,7,Tuesday,3,31
2020-03-31, Staphorst,180, Overijssel,1,Tuesday,3,31
2020-03-31, Raalte,177, Overijssel,14,Tuesday,3,31
2020-03-31, Ommen,175, Overijssel,4,Tuesday,3,31
2020-03-31, Arnhem,202, Gelderland,28,Tuesday,3,31
2020-03-31, Oldenzaal,173, Overijssel,8,Tuesday,3,31
2020-03-31, Losser,168, Overijssel,2,Tuesday,3,31
2020-03-31, Kampen,166, Overijssel,34,Tuesday,3,31
2020-03-31, Hengelo,164, Overijssel,6,Tuesday,3,31
2020-03-31, Hellendoorn,163, Overijssel,3,Tuesday,3,31
2020-03-31, Hardenberg,160, Overijssel,9,Tuesday,3,31
2020-03-31, Haaksbergen,158, Overijssel,4,Tuesday,3,31
2020-03-31, Enschede,153, Overijssel,24,Tuesday,3,31
2020-03-31, Deventer,150, Overijssel,21,Tuesday,3,31
2020-03-31, Noordoostpolder,171, Flevoland,6,Tuesday,3,31
2020-03-31, Houten,321, Utrecht,9,Tuesday,3,31
2020-03-31, Brummen,213, Gelderland,3,Tuesday,3,31
2020-03-31, Albrandswaard,613, South Holland,4,Tuesday,3,31
2020-03-31, Gorinchem,512, South Holland,9,Tuesday,3,31
2020-03-31, Dordrecht,505, South Holland,26,Tuesday,3,31
2020-03-31, Delft,503, South Holland,19,Tuesday,3,31
2020-03-31, Capelle aan den IJssel,502, South Holland,20,Tuesday,3,31
2020-03-31, Brielle,501, South Holland,5,Tuesday,3,31
2020-03-31, Drechterland,498, North Holland,1,Tuesday,3,31
2020-03-31, Barendrecht,489, South Holland,16,Tuesday,3,31
2020-03-31, Alphen aan den Rijn,484, South Holland,29,Tuesday,3,31
2020-03-31, Alblasserdam,482, South Holland,2,Tuesday,3,31
2020-03-31, Zaanstad,479, North Holland,32,Tuesday,3,31
2020-03-31, Zandvoort,473, North Holland,4,Tuesday,3,31
2020-03-31, Weesp,457, North Holland,2,Tuesday,3,31
2020-03-31, Velsen,453, North Holland,13,Tuesday,3,31
2020-03-31, Uithoorn,451, North Holland,9,Tuesday,3,31
2020-03-31, Uitgeest,450, North Holland,3,Tuesday,3,31
2020-03-31, Texel,448, North Holland,1,Tuesday,3,31
2020-03-31, Schagen,441, North Holland,10,Tuesday,3,31
2020-03-31, The Hague,518, South Holland,81,Tuesday,3,31
2020-03-31, Hardinxveld-Giessendam,523, South Holland,1,Tuesday,3,31
2020-03-31, Hellevoetsluis,530, South Holland,4,Tuesday,3,31
2020-03-31, Hendrik-Ido-Ambacht,531, South Holland,3,Tuesday,3,31
2020-03-31, Leusden,327, Utrecht,5,Tuesday,3,31
2020-03-31, Sliedrecht,610, South Holland,1,Tuesday,3,31
2020-03-31, Schiedam,606, South Holland,19,Tuesday,3,31
2020-03-31, Rijswijk,603, South Holland,12,Tuesday,3,31
2020-03-31, Rotterdam,599, South Holland,120,Tuesday,3,31
2020-03-31, Ridderkerk,597, South Holland,18,Tuesday,3,31
2020-03-31, Oudewater,589, Utrecht,15,Tuesday,3,31
2020-03-31, Oegstgeest,579, South Holland,3,Tuesday,3,31
2020-03-31, Purmerend,439, North Holland,35,Tuesday,3,31
2020-03-31, Noordwijk,575, South Holland,8,Tuesday,3,31
2020-03-31, Maassluis,556, South Holland,8,Tuesday,3,31
2020-03-31, Lisse,553, South Holland,3,Tuesday,3,31
2020-03-31, Leiderdorp,547, South Holland,5,Tuesday,3,31
2020-03-31, Leiden,546, South Holland,16,Tuesday,3,31
2020-03-31, Krimpen aan den IJssel,542, South Holland,2,Tuesday,3,31
2020-03-31, Katwijk,537, South Holland,8,Tuesday,3,31
2020-03-31, Hillegom,534, South Holland,3,Tuesday,3,31
2020-03-31, Stede Broec,532, North Holland,10,Tuesday,3,31
2020-03-31, Nieuwkoop,569, South Holland,4,Tuesday,3,31
2020-03-31, Ouder-Amstel,437, North Holland,3,Tuesday,3,31
2020-03-31, Gouda,513, South Holland,13,Tuesday,3,31
2020-03-31, Montfoort,335, Utrecht,9,Tuesday,3,31
2020-03-31, Beverwijk,375, North Holland,5,Tuesday,3,31
2020-03-31, Bergen (NH.),373, North Holland,8,Tuesday,3,31
2020-03-31, Beemster,370, North Holland,2,Tuesday,3,31
2020-03-31, Amsterdam,363, North Holland,244,Tuesday,3,31
2020-03-31, Amstelveen,362, North Holland,28,Tuesday,3,31
2020-03-31, Alkmaar,361, North Holland,19,Tuesday,3,31
2020-03-31, Nieuwegein,356, Utrecht,15,Tuesday,3,31
2020-03-31, Zeist,355, Utrecht,12,Tuesday,3,31
2020-03-31, Blaricum,376, North Holland,1,Tuesday,3,31
2020-03-31, IJsselstein,353, Utrecht,18,Tuesday,3,31
2020-03-31, Woudenberg,351, Utrecht,2,Tuesday,3,31
2020-03-31, Veenendaal,345, Utrecht,7,Tuesday,3,31
2020-03-31, Utrecht,344, Utrecht,75,Tuesday,3,31
2020-03-31, Soest,342, Utrecht,9,Tuesday,3,31
2020-03-31, Rhenen,340, Utrecht,2,Tuesday,3,31
2020-03-31, Renswoude,339, Utrecht,1,Tuesday,3,31
2020-03-31, Opmeer,432, North Holland,1,Tuesday,3,31
2020-03-31, Lopik,331, Utrecht,11,Tuesday,3,31
2020-03-31, Wijk bij Duurstede,352, Utrecht,5,Tuesday,3,31
2020-03-31, Bloemendaal,377, North Holland,3,Tuesday,3,31
2020-03-31, Aalsmeer,358, North Holland,5,Tuesday,3,31
2020-03-31, Medemblik,420, North Holland,9,Tuesday,3,31
2020-03-31, Oostzaan,431, North Holland,2,Tuesday,3,31
2020-03-31, Castricum,383, North Holland,8,Tuesday,3,31
2020-03-31, Laren,417, North Holland,5,Tuesday,3,31
2020-03-31, Langedijk,416, North Holland,6,Tuesday,3,31
2020-03-31, Landsmeer,415, North Holland,3,Tuesday,3,31
2020-03-31, Huizen,406, North Holland,9,Tuesday,3,31
2020-03-31, Hilversum,402, North Holland,13,Tuesday,3,31
2020-03-31, Den Helder,400, North Holland,6,Tuesday,3,31
2020-03-31, Heiloo,399, North Holland,5,Tuesday,3,31
2020-03-31, Hoorn,405, North Holland,13,Tuesday,3,31
2020-03-31, Heemstede,397, North Holland,4,Tuesday,3,31
2020-03-31, Heemskerk,396, North Holland,14,Tuesday,3,31
2020-03-31, Haarlemmermeer,394, North Holland,31,Tuesday,3,31
2020-03-31, Haarlem,392, North Holland,26,Tuesday,3,31
2020-03-31, Enkhuizen,388, North Holland,13,Tuesday,3,31
2020-03-31, Edam-Volendam,385, North Holland,10,Tuesday,3,31
2020-03-31, Diemen,384, North Holland,4,Tuesday,3,31
2020-03-31, Heerhugowaard,398, North Holland,17,Tuesday,3,31
2020-04-01, Waalwijk,867, North Brabant,16,Wednesday,4,1
2020-04-01, Tilburg,855, North Brabant,119,Wednesday,4,1
2020-04-01, Waalre,866, North Brabant,1,Wednesday,4,1
2020-04-01, Vught,865, North Brabant,24,Wednesday,4,1
2020-04-01, Veldhoven,861, North Brabant,8,Wednesday,4,1
2020-04-01, Valkenswaard,858, North Brabant,8,Wednesday,4,1
2020-04-01, Uden,856, North Brabant,73,Wednesday,4,1
2020-04-01, Waterland,852, North Holland,8,Wednesday,4,1
2020-04-01, Oirschot,823, North Brabant,6,Wednesday,4,1
2020-04-01, Son en Breugel,848, North Brabant,18,Wednesday,4,1
2020-04-01, Someren,847, North Brabant,13,Wednesday,4,1
2020-04-01, Sint-Michielsgestel,845, North Brabant,14,Wednesday,4,1
2020-04-01, Rucphen,840, North Brabant,4,Wednesday,4,1
2020-04-01, Oss,828, North Brabant,78,Wednesday,4,1
2020-04-01, Oosterhout,826, North Brabant,24,Wednesday,4,1
2020-04-01, Oisterwijk,824, North Brabant,10,Wednesday,4,1
2020-04-01, Woensdrecht,873, North Brabant,4,Wednesday,4,1
2020-04-01, Steenbergen,851, North Brabant,7,Wednesday,4,1
2020-04-01, Zundert,879, North Brabant,13,Wednesday,4,1
2020-04-01, Weert,988, Limburg,30,Wednesday,4,1
2020-04-01, Landgraaf,882, Limburg,7,Wednesday,4,1
"2020-04-01,"" """"Nuenen Gerwen and Nederwetten"""""",820,Noord-Brabant,9,Wednesday,4,1"
2020-04-01, Voerendaal,986, Limburg,2,Wednesday,4,1
2020-04-01, Venray,984, Limburg,22,Wednesday,4,1
2020-04-01, Venlo,983, Limburg,66,Wednesday,4,1
2020-04-01, Vaals,981, Limburg,2,Wednesday,4,1
2020-04-01, Stein,971, Limburg,11,Wednesday,4,1
2020-04-01, Simpelveld,965, Limburg,2,Wednesday,4,1
2020-04-01, Roermond,957, Limburg,30,Wednesday,4,1
2020-04-01, Wormerland,880, North Holland,9,Wednesday,4,1
2020-04-01, Nederweert,946, Limburg,24,Wednesday,4,1
2020-04-01, Meerssen,938, Limburg,3,Wednesday,4,1
2020-04-01, Maastricht,935, Limburg,26,Wednesday,4,1
2020-04-01, Kerkrade,928, Limburg,10,Wednesday,4,1
2020-04-01, Heerlen,917, Limburg,26,Wednesday,4,1
2020-04-01, Gennep,907, Limburg,11,Wednesday,4,1
2020-04-01, Brunssum,899, Limburg,9,Wednesday,4,1
2020-04-01, Bergen (L.),893, Limburg,3,Wednesday,4,1
2020-04-01, Beesel,889, Limburg,10,Wednesday,4,1
2020-04-01, Mook and Middelaar,944, Limburg,3,Wednesday,4,1
2020-04-01, Mill and Sint Hubert,815, North Brabant,6,Wednesday,4,1
2020-04-01, Wassenaar,629, South Holland,2,Wednesday,4,1
2020-04-01, Hilvarenbeek,798, North Brabant,5,Wednesday,4,1
2020-04-01, Tytsjerksteradiel,737, Friesland,1,Wednesday,4,1
2020-04-01, De Ronde Venen,736, Utrecht,12,Wednesday,4,1
2020-04-01, Vlissingen,718, Zeeland,6,Wednesday,4,1
2020-04-01, Veere,717, Zeeland,3,Wednesday,4,1
2020-04-01, Tholen,716, Zeeland,23,Wednesday,4,1
2020-04-01, Terneuzen,715, Zeeland,13,Wednesday,4,1
2020-04-01, Reimerswaal,703, Zeeland,4,Wednesday,4,1
2020-04-01, Middelburg,687, Zeeland,12,Wednesday,4,1
2020-04-01, Asten,743, North Brabant,5,Wednesday,4,1
2020-04-01, Kapelle,678, Zeeland,1,Wednesday,4,1
2020-04-01, West Maas and Waal,668, Gelderland,9,Wednesday,4,1
2020-04-01, Goes,664, Zeeland,6,Wednesday,4,1
2020-04-01, Borsele,654, Zeeland,3,Wednesday,4,1
2020-04-01, Zwijndrecht,642, South Holland,9,Wednesday,4,1
2020-04-01, Zoeterwoude,638, South Holland,2,Wednesday,4,1
2020-04-01, Zoetermeer,637, South Holland,22,Wednesday,4,1
2020-04-01, Woerden,632, Utrecht,25,Wednesday,4,1
2020-04-01, Valkenburg aan de Geul,994, Limburg,2,Wednesday,4,1
2020-04-01, Hulst,677, Zeeland,4,Wednesday,4,1
2020-04-01, Loon op Zand,809, North Brabant,15,Wednesday,4,1
2020-04-01, Baarle-Nassau,744, North Brabant,1,Wednesday,4,1
2020-04-01, Best,753, North Brabant,19,Wednesday,4,1
2020-04-01, Heusden,797, North Brabant,25,Wednesday,4,1
2020-04-01, 's-Hertogenbosch,796, North Brabant,69,Wednesday,4,1
2020-04-01, Helmond,794, North Brabant,38,Wednesday,4,1
2020-04-01, Haaren,788, North Brabant,14,Wednesday,4,1
2020-04-01, Grave,786, North Brabant,10,Wednesday,4,1
2020-04-01, Goirle,785, North Brabant,17,Wednesday,4,1
2020-04-01, Gilze and Rijen,784, North Brabant,13,Wednesday,4,1
2020-04-01, Geertruidenberg,779, North Brabant,7,Wednesday,4,1
2020-04-01, Bergen op Zoom,748, North Brabant,13,Wednesday,4,1
2020-04-01, Etten-Leur,777, North Brabant,23,Wednesday,4,1
2020-04-01, Eersel,770, North Brabant,13,Wednesday,4,1
2020-04-01, Dongen,766, North Brabant,7,Wednesday,4,1
2020-04-01, Pekela,765, Groningen,4,Wednesday,4,1
2020-04-01, Deurne,762, North Brabant,37,Wednesday,4,1
2020-04-01, Breda,758, North Brabant,118,Wednesday,4,1
2020-04-01, Boxtel,757, North Brabant,9,Wednesday,4,1
2020-04-01, Boxmeer,756, North Brabant,10,Wednesday,4,1
2020-04-01, Boekel,755, North Brabant,23,Wednesday,4,1
2020-04-01, Eindhoven,772, North Brabant,62,Wednesday,4,1
2020-04-01, Lelystad,995, Flevoland,25,Wednesday,4,1
2020-04-01, Molenlanden,1978, South Holland,10,Wednesday,4,1
2020-04-01, Oude IJsselstreek,1509, Gelderland,2,Wednesday,4,1
2020-04-01, Hollands Kroon,1911, North Holland,20,Wednesday,4,1
2020-04-01, Stichtse Vecht,1904, Utrecht,16,Wednesday,4,1
2020-04-01, Eijsden-Margraten,1903, Limburg,6,Wednesday,4,1
2020-04-01, Bodegraven-Reeuwijk,1901, South Holland,3,Wednesday,4,1
2020-04-01, Súdwest-Fryslân,1900, Friesland,13,Wednesday,4,1
2020-04-01, Zwartewaterland,1896, Overijssel,20,Wednesday,4,1
2020-04-01, Oldambt,1895, Groningen,1,Wednesday,4,1
2020-04-01, Peel and Maas,1894, Limburg,107,Wednesday,4,1
2020-04-01, Zuidplas,1892, South Holland,10,Wednesday,4,1
2020-04-01, Kaag and Braassem,1884, South Holland,4,Wednesday,4,1
2020-04-01, Sittard-Geleen,1883, Limburg,25,Wednesday,4,1
2020-04-01, Bronckhorst,1876, Gelderland,1,Wednesday,4,1
2020-04-01, Berkelland,1859, Gelderland,1,Wednesday,4,1
2020-04-01, Midden-Delfland,1842, South Holland,2,Wednesday,4,1
2020-04-01, Westland,1783, South Holland,26,Wednesday,4,1
2020-04-01, Dinkelland,1774, Overijssel,13,Wednesday,4,1
2020-04-01, Olst-Wijhe,1773, Overijssel,5,Wednesday,4,1
2020-04-01, Leidschendam-Voorburg,1916, South Holland,7,Wednesday,4,1
2020-04-01, Goeree-Overflakkee,1924, South Holland,26,Wednesday,4,1
2020-04-01, Pijnacker-Nootdorp,1926, South Holland,10,Wednesday,4,1
2020-04-01, Nissewaard,1930, South Holland,20,Wednesday,4,1
2020-04-01, Waddinxveen,627, South Holland,6,Wednesday,4,1
2020-04-01, Noardeast-Fryslân,1970, Friesland,4,Wednesday,4,1
2020-04-01, Westerkwartier,1969, Groningen,9,Wednesday,4,1
2020-04-01, Het Hogeland,1966, Groningen,4,Wednesday,4,1
2020-04-01, Hoeksche Waard,1963, South Holland,30,Wednesday,4,1
2020-04-01, Vijfheerenlanden,1961, Utrecht,11,Wednesday,4,1
2020-04-01, West Betuwe,1960, Gelderland,14,Wednesday,4,1
2020-04-01, Altena,1959, North Brabant,19,Wednesday,4,1
2020-04-01, Geldrop-Mierlo,1771, North Brabant,10,Wednesday,4,1
2020-04-01, Montferland,1955, Gelderland,4,Wednesday,4,1
2020-04-01, Central Groningen,1952, Groningen,4,Wednesday,4,1
2020-04-01, Westerwolde,1950, Groningen,4,Wednesday,4,1
2020-04-01, Waadhoeke,1949, Friesland,4,Wednesday,4,1
2020-04-01, Meierijstad,1948, North Brabant,112,Wednesday,4,1
2020-04-01, Berg en Dal,1945, Gelderland,17,Wednesday,4,1
2020-04-01, Gooise Meren,1942, North Holland,15,Wednesday,4,1
2020-04-01, De Fryske Marren,1940, Friesland,11,Wednesday,4,1
2020-04-01, Krimpenerwaard,1931, South Holland,27,Wednesday,4,1
2020-04-01, Beekdaelen,1954, Limburg,12,Wednesday,4,1
2020-04-01, Rijssen-Holten,1742, Overijssel,8,Wednesday,4,1
2020-04-01, Neder-Betuwe,1740, Gelderland,26,Wednesday,4,1
2020-04-01, Hof van Twente,1735, Overijssel,9,Wednesday,4,1
2020-04-01, Cuijk,1684, North Brabant,6,Wednesday,4,1
2020-04-01, Borger-Odoorn,1681, Drenthe,1,Wednesday,4,1
2020-04-01, Aa and Hunze,1680, Drenthe,1,Wednesday,4,1
2020-04-01, Schouwen-Duiveland,1676, Zeeland,7,Wednesday,4,1
2020-04-01, Roosendaal,1674, North Brabant,12,Wednesday,4,1
2020-04-01, Roerdalen,1669, Limburg,16,Wednesday,4,1
2020-04-01, Reusel-De Mierden,1667, North Brabant,4,Wednesday,4,1
2020-04-01, Laarbeek,1659, North Brabant,24,Wednesday,4,1
2020-04-01, Landerd,1685, North Brabant,21,Wednesday,4,1
2020-04-01, Heeze-Leende,1658, North Brabant,6,Wednesday,4,1
2020-04-01, Gemert-Bakel,1652, North Brabant,56,Wednesday,4,1
2020-04-01, Maasgouw,1641, Limburg,12,Wednesday,4,1
2020-04-01, Leudal,1640, Limburg,33,Wednesday,4,1
2020-04-01, Lansingerland,1621, South Holland,16,Wednesday,4,1
2020-04-01, Koggenland,1598, North Holland,6,Wednesday,4,1
2020-04-01, Oost Gelre,1586, Gelderland,2,Wednesday,4,1
2020-04-01, Utrechtse Heuvelrug,1581, Utrecht,10,Wednesday,4,1
2020-04-01, Teylingen,1525, South Holland,7,Wednesday,4,1
2020-04-01, Halderberge,1655, North Brabant,9,Wednesday,4,1
2020-04-01, Horst aan de Maas,1507, Limburg,25,Wednesday,4,1
2020-04-01, De Wolden,1690, Drenthe,2,Wednesday,4,1
2020-04-01, Noordenveld,1699, Drenthe,1,Wednesday,4,1
2020-04-01, Overbetuwe,1734, Gelderland,38,Wednesday,4,1
2020-04-01, Midden-Drenthe,1731, Drenthe,4,Wednesday,4,1
2020-04-01, Tynaarlo,1730, Drenthe,5,Wednesday,4,1
2020-04-01, Gulpen-Wittem,1729, Limburg,2,Wednesday,4,1
2020-04-01, Bladel,1728, North Brabant,10,Wednesday,4,1
2020-04-01, Bergeijk,1724, North Brabant,5,Wednesday,4,1
2020-04-01, Alphen-Chaam,1723, North Brabant,9,Wednesday,4,1
2020-04-01, Bernheze,1721, North Brabant,61,Wednesday,4,1
2020-04-01, Wijdemeren,1696, North Holland,4,Wednesday,4,1
2020-04-01, Drimmelen,1719, North Brabant,14,Wednesday,4,1
2020-04-01, Echt-Susteren,1711, Limburg,22,Wednesday,4,1
2020-04-01, Moerdijk,1709, North Brabant,6,Wednesday,4,1
2020-04-01, Steenwijkerland,1708, Overijssel,7,Wednesday,4,1
2020-04-01, Cranendonck,1706, North Brabant,35,Wednesday,4,1
2020-04-01, Lingewaard,1705, Gelderland,17,Wednesday,4,1
2020-04-01, Sint Anthonis,1702, Noord-Brabant,14,Wednesday,4,1
2020-04-01, Westerveld,1701, Drenthe,1,Wednesday,4,1
2020-04-01, Twenterand,1700, Overijssel,5,Wednesday,4,1
2020-04-01, Sluis,1714, Zeeland,4,Wednesday,4,1
2020-04-01, Voorschoten,626, South Holland,5,Wednesday,4,1
2020-04-01, Lopik,331, Utrecht,10,Wednesday,4,1
2020-04-01, Westvoorne,614, South Holland,4,Wednesday,4,1
2020-04-01, Nijkerk,267, Gelderland,11,Wednesday,4,1
2020-04-01, Maasdriel,263, Gelderland,11,Wednesday,4,1
2020-04-01, Lochem,262, Gelderland,2,Wednesday,4,1
2020-04-01, Heumen,252, Gelderland,8,Wednesday,4,1
2020-04-01, Heerde,246, Gelderland,19,Wednesday,4,1
2020-04-01, Hattem,244, Gelderland,5,Wednesday,4,1
2020-04-01, Harderwijk,243, Gelderland,8,Wednesday,4,1
2020-04-01, Ermelo,233, Gelderland,9,Wednesday,4,1
2020-04-01, Epe,232, Gelderland,10,Wednesday,4,1
2020-04-01, Elburg,230, Gelderland,4,Wednesday,4,1
2020-04-01, Ede,228, Gelderland,29,Wednesday,4,1
2020-04-01, Duiven,226, Gelderland,4,Wednesday,4,1
2020-04-01, Druten,225, Gelderland,13,Wednesday,4,1
2020-04-01, Doetinchem,222, Gelderland,5,Wednesday,4,1
2020-04-01, Doesburg,221, Gelderland,3,Wednesday,4,1
2020-04-01, Culemborg,216, Gelderland,15,Wednesday,4,1
2020-04-01, Buren,214, Gelderland,5,Wednesday,4,1
2020-04-01, Nijmegen,268, Gelderland,79,Wednesday,4,1
2020-04-01, Oldebroek,269, Gelderland,8,Wednesday,4,1
2020-04-01, Putten,273, Gelderland,1,Wednesday,4,1
2020-04-01, Renkum,274, Gelderland,11,Wednesday,4,1
2020-04-01, Bunschoten,313, Utrecht,2,Wednesday,4,1
2020-04-01, Bunnik,312, Utrecht,4,Wednesday,4,1
2020-04-01, De Bilt,310, Utrecht,13,Wednesday,4,1
2020-04-01, Baarn,308, Utrecht,2,Wednesday,4,1
2020-04-01, Amersfoort,307, Utrecht,24,Wednesday,4,1
2020-04-01, Dronten,303, Flevoland,10,Wednesday,4,1
2020-04-01, Nunspeet,302, Gelderland,17,Wednesday,4,1
2020-04-01, Zutphen,301, Gelderland,8,Wednesday,4,1
2020-04-01, Beuningen,209, Gelderland,12,Wednesday,4,1
2020-04-01, Zevenaar,299, Gelderland,18,Wednesday,4,1
2020-04-01, Wijchen,296, Gelderland,30,Wednesday,4,1
2020-04-01, Winterswijk,294, Gelderland,1,Wednesday,4,1
2020-04-01, Westervoort,293, Gelderland,3,Wednesday,4,1
2020-04-01, Wageningen,289, Gelderland,6,Wednesday,4,1
2020-04-01, Voorst,285, Gelderland,3,Wednesday,4,1
2020-04-01, Tiel,281, Gelderland,21,Wednesday,4,1
2020-04-01, Rozendaal,277, Gelderland,1,Wednesday,4,1
2020-04-01, Rheden,275, Gelderland,22,Wednesday,4,1
2020-04-01, Zaltbommel,297, Gelderland,9,Wednesday,4,1
2020-04-01, Barneveld,203, Gelderland,8,Wednesday,4,1
2020-04-01, Arnhem,202, Gelderland,30,Wednesday,4,1
2020-04-01, Apeldoorn,200, Gelderland,22,Wednesday,4,1
2020-04-01, Hoogeveen,118, Drenthe,5,Wednesday,4,1
2020-04-01, Emmen,114, Drenthe,6,Wednesday,4,1
2020-04-01, Coevorden,109, Drenthe,6,Wednesday,4,1
2020-04-01, Assen,106, Drenthe,7,Wednesday,4,1
2020-04-01, Weststellingwerf,98, Friesland,2,Wednesday,4,1
2020-04-01, Smallingerland,90, Friesland,5,Wednesday,4,1
2020-04-01, Opsterland,86, Friesland,4,Wednesday,4,1
2020-04-01, Ooststellingwerf,85, Friesland,1,Wednesday,4,1
2020-04-01, Meppel,119, Drenthe,4,Wednesday,4,1
2020-04-01, Leeuwarden,80, Friesland,19,Wednesday,4,1
2020-04-01, Harlingen,72, Friesland,1,Wednesday,4,1
2020-04-01, Zeewolde,50, Flevoland,4,Wednesday,4,1
2020-04-01, Veendam,47, Groningen,1,Wednesday,4,1
2020-04-01, Almere,34, Flevoland,50,Wednesday,4,1
2020-04-01, Groningen,14, Groningen,11,Wednesday,4,1
2020-04-01, Delfzijl,10, Groningen,4,Wednesday,4,1
2020-04-01, Appingedam,3, Groningen,1,Wednesday,4,1
2020-04-01, Vlaardingen,622, South Holland,15,Wednesday,4,1
2020-04-01, Heerenveen,74, Friesland,7,Wednesday,4,1
2020-04-01, Eemnes,317, Utrecht,1,Wednesday,4,1
2020-04-01, Almelo,141, Overijssel,10,Wednesday,4,1
2020-04-01, Dalfsen,148, Overijssel,7,Wednesday,4,1
2020-04-01, Aalten,197, Gelderland,1,Wednesday,4,1
2020-04-01, Zwolle,193, Overijssel,28,Wednesday,4,1
2020-04-01, Wierden,189, Overijssel,2,Wednesday,4,1
2020-04-01, Urk,184, Flevoland,11,Wednesday,4,1
2020-04-01, Tubbergen,183, Overijssel,7,Wednesday,4,1
2020-04-01, Staphorst,180, Overijssel,1,Wednesday,4,1
2020-04-01, Raalte,177, Overijssel,16,Wednesday,4,1
2020-04-01, Ommen,175, Overijssel,4,Wednesday,4,1
2020-04-01, Borne,147, Overijssel,10,Wednesday,4,1
2020-04-01, Oldenzaal,173, Overijssel,8,Wednesday,4,1
2020-04-01, Losser,168, Overijssel,3,Wednesday,4,1
2020-04-01, Kampen,166, Overijssel,38,Wednesday,4,1
2020-04-01, Hengelo,164, Overijssel,7,Wednesday,4,1
2020-04-01, Hellendoorn,163, Overijssel,4,Wednesday,4,1
2020-04-01, Hardenberg,160, Overijssel,9,Wednesday,4,1
2020-04-01, Haaksbergen,158, Overijssel,6,Wednesday,4,1
2020-04-01, Enschede,153, Overijssel,28,Wednesday,4,1
2020-04-01, Deventer,150, Overijssel,22,Wednesday,4,1
2020-04-01, Noordoostpolder,171, Flevoland,6,Wednesday,4,1
2020-04-01, Houten,321, Utrecht,10,Wednesday,4,1
2020-04-01, Brummen,213, Gelderland,4,Wednesday,4,1
2020-04-01, Albrandswaard,613, South Holland,5,Wednesday,4,1
2020-04-01, Gouda,513, South Holland,13,Wednesday,4,1
2020-04-01, Gorinchem,512, South Holland,10,Wednesday,4,1
2020-04-01, Dordrecht,505, South Holland,30,Wednesday,4,1
2020-04-01, Delft,503, South Holland,22,Wednesday,4,1
2020-04-01, Capelle aan den IJssel,502, South Holland,22,Wednesday,4,1
2020-04-01, Brielle,501, South Holland,5,Wednesday,4,1
2020-04-01, Drechterland,498, North Holland,1,Wednesday,4,1
2020-04-01, Barendrecht,489, South Holland,17,Wednesday,4,1
2020-04-01, Alphen aan den Rijn,484, South Holland,32,Wednesday,4,1
2020-04-01, Alblasserdam,482, South Holland,2,Wednesday,4,1
2020-04-01, Zaanstad,479, North Holland,34,Wednesday,4,1
2020-04-01, Zandvoort,473, North Holland,4,Wednesday,4,1
2020-04-01, Weesp,457, North Holland,4,Wednesday,4,1
2020-04-01, Velsen,453, North Holland,15,Wednesday,4,1
2020-04-01, Uithoorn,451, North Holland,9,Wednesday,4,1
2020-04-01, Uitgeest,450, North Holland,3,Wednesday,4,1
2020-04-01, Texel,448, North Holland,1,Wednesday,4,1
2020-04-01, Hardinxveld-Giessendam,523, South Holland,1,Wednesday,4,1
2020-04-01, Hellevoetsluis,530, South Holland,6,Wednesday,4,1
2020-04-01, Hendrik-Ido-Ambacht,531, South Holland,3,Wednesday,4,1
2020-04-01, Stede Broec,532, North Holland,11,Wednesday,4,1
2020-04-01, Leusden,327, Utrecht,5,Wednesday,4,1
2020-04-01, Sliedrecht,610, South Holland,2,Wednesday,4,1
2020-04-01, Schiedam,606, South Holland,21,Wednesday,4,1
2020-04-01, Rijswijk,603, South Holland,12,Wednesday,4,1
2020-04-01, Rotterdam,599, South Holland,132,Wednesday,4,1
2020-04-01, Ridderkerk,597, South Holland,22,Wednesday,4,1
2020-04-01, Papendrecht,590, South Holland,1,Wednesday,4,1
2020-04-01, Oudewater,589, Utrecht,15,Wednesday,4,1
2020-04-01, Schagen,441, North Holland,10,Wednesday,4,1
2020-04-01, Oegstgeest,579, South Holland,3,Wednesday,4,1
2020-04-01, Nieuwkoop,569, South Holland,5,Wednesday,4,1
2020-04-01, Maassluis,556, South Holland,8,Wednesday,4,1
2020-04-01, Lisse,553, South Holland,3,Wednesday,4,1
2020-04-01, Leiderdorp,547, South Holland,5,Wednesday,4,1
2020-04-01, Leiden,546, South Holland,18,Wednesday,4,1
2020-04-01, Krimpen aan den IJssel,542, South Holland,3,Wednesday,4,1
2020-04-01, Katwijk,537, South Holland,9,Wednesday,4,1
2020-04-01, Hillegom,534, South Holland,3,Wednesday,4,1
2020-04-01, Noordwijk,575, South Holland,8,Wednesday,4,1
2020-04-01, Purmerend,439, North Holland,37,Wednesday,4,1
2020-04-01, The Hague,518, South Holland,96,Wednesday,4,1
2020-04-01, Opmeer,432, North Holland,1,Wednesday,4,1
2020-04-01, Beverwijk,375, North Holland,7,Wednesday,4,1
2020-04-01, Bergen (NH.),373, North Holland,10,Wednesday,4,1
2020-04-01, Beemster,370, North Holland,2,Wednesday,4,1
2020-04-01, Amsterdam,363, North Holland,246,Wednesday,4,1
2020-04-01, Amstelveen,362, North Holland,31,Wednesday,4,1
2020-04-01, Alkmaar,361, North Holland,21,Wednesday,4,1
2020-04-01, Aalsmeer,358, North Holland,5,Wednesday,4,1
2020-04-01, Nieuwegein,356, Utrecht,17,Wednesday,4,1
2020-04-01, Blaricum,376, North Holland,2,Wednesday,4,1
2020-04-01, Zeist,355, Utrecht,13,Wednesday,4,1
2020-04-01, Wijk bij Duurstede,352, Utrecht,7,Wednesday,4,1
2020-04-01, Woudenberg,351, Utrecht,2,Wednesday,4,1
2020-04-01, Veenendaal,345, Utrecht,7,Wednesday,4,1
2020-04-01, Utrecht,344, Utrecht,80,Wednesday,4,1
2020-04-01, Soest,342, Utrecht,9,Wednesday,4,1
2020-04-01, Rhenen,340, Utrecht,3,Wednesday,4,1
2020-04-01, Ouder-Amstel,437, North Holland,3,Wednesday,4,1
2020-04-01, Montfoort,335, Utrecht,9,Wednesday,4,1
2020-04-01, IJsselstein,353, Utrecht,18,Wednesday,4,1
2020-04-01, Bloemendaal,377, North Holland,3,Wednesday,4,1
2020-04-01, Renswoude,339, Utrecht,1,Wednesday,4,1
2020-04-01, Diemen,384, North Holland,4,Wednesday,4,1
2020-04-01, Castricum,383, North Holland,8,Wednesday,4,1
2020-04-01, Medemblik,420, North Holland,10,Wednesday,4,1
2020-04-01, Laren,417, North Holland,6,Wednesday,4,1
2020-04-01, Langedijk,416, North Holland,8,Wednesday,4,1
2020-04-01, Landsmeer,415, North Holland,3,Wednesday,4,1
2020-04-01, Huizen,406, North Holland,12,Wednesday,4,1
2020-04-01, Hoorn,405, North Holland,16,Wednesday,4,1
2020-04-01, Hilversum,402, North Holland,15,Wednesday,4,1
2020-04-01, Den Helder,400, North Holland,6,Wednesday,4,1
2020-04-01, Oostzaan,431, North Holland,3,Wednesday,4,1
2020-04-01, Heerhugowaard,398, North Holland,19,Wednesday,4,1
2020-04-01, Heemstede,397, North Holland,5,Wednesday,4,1
2020-04-01, Heemskerk,396, North Holland,17,Wednesday,4,1
2020-04-01, Haarlemmermeer,394, North Holland,32,Wednesday,4,1
2020-04-01, Haarlem,392, North Holland,31,Wednesday,4,1
2020-04-01, Enkhuizen,388, North Holland,14,Wednesday,4,1
2020-04-01, Edam-Volendam,385, North Holland,10,Wednesday,4,1
2020-04-01, Heiloo,399, North Holland,5,Wednesday,4,1
2020-04-02, Zundert,879, North Brabant,14,Thursday,4,2
2020-04-02, Woensdrecht,873, North Brabant,4,Thursday,4,2
2020-04-02, Waalwijk,867, North Brabant,15,Thursday,4,2
2020-04-02, Waalre,866, North Brabant,1,Thursday,4,2
2020-04-02, Vught,865, North Brabant,25,Thursday,4,2
2020-04-02, Veldhoven,861, North Brabant,9,Thursday,4,2
2020-04-02, Oosterhout,826, North Brabant,25,Thursday,4,2
2020-04-02, Valkenswaard,858, North Brabant,8,Thursday,4,2
2020-04-02, Steenbergen,851, North Brabant,7,Thursday,4,2
2020-04-02, Tilburg,855, North Brabant,124,Thursday,4,2
2020-04-02, Waterland,852, North Holland,8,Thursday,4,2
2020-04-02, Son en Breugel,848, North Brabant,19,Thursday,4,2
2020-04-02, Someren,847, North Brabant,14,Thursday,4,2
2020-04-02, Sint-Michielsgestel,845, North Brabant,15,Thursday,4,2
2020-04-02, Rucphen,840, North Brabant,4,Thursday,4,2
2020-04-02, Oss,828, North Brabant,86,Thursday,4,2
2020-04-02, Wormerland,880, North Holland,10,Thursday,4,2
2020-04-02, Uden,856, North Brabant,77,Thursday,4,2
2020-04-02, Landgraaf,882, Limburg,22,Thursday,4,2
2020-04-02, Mook and Middelaar,944, Limburg,3,Thursday,4,2
2020-04-02, Beesel,889, Limburg,11,Thursday,4,2
2020-04-02, Oisterwijk,824, North Brabant,10,Thursday,4,2
2020-04-02, Valkenburg aan de Geul,994, Limburg,3,Thursday,4,2
2020-04-02, Weert,988, Limburg,31,Thursday,4,2
2020-04-02, Voerendaal,986, Limburg,7,Thursday,4,2
2020-04-02, Venray,984, Limburg,23,Thursday,4,2
2020-04-02, Venlo,983, Limburg,72,Thursday,4,2
2020-04-02, Vaals,981, Limburg,6,Thursday,4,2
2020-04-02, Stein,971, Limburg,24,Thursday,4,2
2020-04-02, Beek,888, Limburg,7,Thursday,4,2
2020-04-02, Simpelveld,965, Limburg,8,Thursday,4,2
2020-04-02, Nederweert,946, Limburg,24,Thursday,4,2
2020-04-02, Meerssen,938, Limburg,7,Thursday,4,2
2020-04-02, Maastricht,935, Limburg,77,Thursday,4,2
2020-04-02, Kerkrade,928, Limburg,30,Thursday,4,2
2020-04-02, Heerlen,917, Limburg,66,Thursday,4,2
2020-04-02, Gennep,907, Limburg,11,Thursday,4,2
2020-04-02, Brunssum,899, Limburg,21,Thursday,4,2
2020-04-02, Bergen (L.),893, Limburg,3,Thursday,4,2
2020-04-02, Roermond,957, Limburg,30,Thursday,4,2
2020-04-02, Oirschot,823, North Brabant,6,Thursday,4,2
2020-04-02, Zoetermeer,637, South Holland,23,Thursday,4,2
2020-04-02, Mill and Sint Hubert,815, Noord-Brabant,6,Thursday,4,2
2020-04-02, Baarle-Nassau,744, North Brabant,1,Thursday,4,2
2020-04-02, Asten,743, North Brabant,6,Thursday,4,2
2020-04-02, Tytsjerksteradiel,737, Friesland,3,Thursday,4,2
2020-04-02, De Ronde Venen,736, Utrecht,16,Thursday,4,2
2020-04-02, Vlissingen,718, Zeeland,6,Thursday,4,2
2020-04-02, Veere,717, Zeeland,3,Thursday,4,2
2020-04-02, Tholen,716, Zeeland,25,Thursday,4,2
2020-04-02, Terneuzen,715, Zeeland,14,Thursday,4,2
2020-04-02, Bergen op Zoom,748, North Brabant,13,Thursday,4,2
2020-04-02, Reimerswaal,703, Zeeland,4,Thursday,4,2
2020-04-02, Kapelle,678, Zeeland,1,Thursday,4,2
2020-04-02, Hulst,677, Zeeland,4,Thursday,4,2
2020-04-02, West Maas and Waal,668, Gelderland,9,Thursday,4,2
2020-04-02, Goes,664, Zeeland,7,Thursday,4,2
2020-04-02, Borsele,654, Zeeland,3,Thursday,4,2
2020-04-02, Zwijndrecht,642, South Holland,9,Thursday,4,2
2020-04-02, Zoeterwoude,638, South Holland,2,Thursday,4,2
2020-04-02, Lelystad,995, Flevoland,27,Thursday,4,2
2020-04-02, Middelburg,687, Zeeland,12,Thursday,4,2
"2020-04-02,"" """"Nuenen Gerwen and Nederwetten"""""",820, Noord-Brabant,11,Thursday,4,2"
2020-04-02, Best,753, North Brabant,21,Thursday,4,2
2020-04-02, Boxmeer,756, North Brabant,11,Thursday,4,2
2020-04-02, Loon op Zand,809, North Brabant,15,Thursday,4,2
2020-04-02, Hilvarenbeek,798, North Brabant,5,Thursday,4,2
2020-04-02, Heusden,797, North Brabant,29,Thursday,4,2
2020-04-02, 's-Hertogenbosch,796, North Brabant,72,Thursday,4,2
2020-04-02, Helmond,794, North Brabant,45,Thursday,4,2
2020-04-02, Haaren,788, North Brabant,14,Thursday,4,2
2020-04-02, Grave,786, North Brabant,11,Thursday,4,2
2020-04-02, Goirle,785, North Brabant,19,Thursday,4,2
2020-04-02, Boekel,755, North Brabant,26,Thursday,4,2
2020-04-02, Gilze and Rijen,784, North Brabant,15,Thursday,4,2
2020-04-02, Etten-Leur,777, North Brabant,26,Thursday,4,2
2020-04-02, Eindhoven,772, North Brabant,69,Thursday,4,2
2020-04-02, Eersel,770, North Brabant,15,Thursday,4,2
2020-04-02, Dongen,766, North Brabant,10,Thursday,4,2
2020-04-02, Pekela,765, Groningen,4,Thursday,4,2
2020-04-02, Deurne,762, North Brabant,39,Thursday,4,2
2020-04-02, Breda,758, North Brabant,121,Thursday,4,2
2020-04-02, Boxtel,757, North Brabant,9,Thursday,4,2
2020-04-02, Geertruidenberg,779, North Brabant,8,Thursday,4,2
2020-04-02, Horst aan de Maas,1507, Limburg,29,Thursday,4,2
2020-04-02, Molenlanden,1978, South Holland,10,Thursday,4,2
2020-04-02, Teylingen,1525, South Holland,7,Thursday,4,2
2020-04-02, Hollands Kroon,1911, North Holland,21,Thursday,4,2
2020-04-02, Stichtse Vecht,1904, Utrecht,18,Thursday,4,2
2020-04-02, Eijsden-Margraten,1903, Limburg,24,Thursday,4,2
2020-04-02, Bodegraven-Reeuwijk,1901, South Holland,3,Thursday,4,2
2020-04-02, Súdwest-Fryslân,1900, Friesland,13,Thursday,4,2
2020-04-02, Zwartewaterland,1896, Overijssel,21,Thursday,4,2
2020-04-02, Oldambt,1895, Groningen,1,Thursday,4,2
2020-04-02, Peel and Maas,1894, Limburg,109,Thursday,4,2
2020-04-02, Zuidplas,1892, South Holland,10,Thursday,4,2
2020-04-02, Dantumadiel,1891, Friesland,1,Thursday,4,2
2020-04-02, Kaag and Braassem,1884, South Holland,4,Thursday,4,2
2020-04-02, Sittard-Geleen,1883, Limburg,55,Thursday,4,2
2020-04-02, Bronckhorst,1876, Gelderland,1,Thursday,4,2
2020-04-02, Berkelland,1859, Gelderland,1,Thursday,4,2
2020-04-02, Midden-Delfland,1842, South Holland,3,Thursday,4,2
2020-04-02, Westland,1783, South Holland,28,Thursday,4,2
2020-04-02, Dinkelland,1774, Overijssel,15,Thursday,4,2
2020-04-02, Leidschendam-Voorburg,1916, South Holland,8,Thursday,4,2
2020-04-02, Goeree-Overflakkee,1924, South Holland,29,Thursday,4,2
2020-04-02, Pijnacker-Nootdorp,1926, South Holland,10,Thursday,4,2
2020-04-02, Nissewaard,1930, South Holland,22,Thursday,4,2
2020-04-02, Wassenaar,629, South Holland,2,Thursday,4,2
2020-04-02, Noardeast-Fryslân,1970, Friesland,4,Thursday,4,2
2020-04-02, Westerkwartier,1969, Groningen,10,Thursday,4,2
2020-04-02, Het Hogeland,1966, Groningen,4,Thursday,4,2
2020-04-02, Hoeksche Waard,1963, South Holland,35,Thursday,4,2
2020-04-02, Vijfheerenlanden,1961, Utrecht,12,Thursday,4,2
2020-04-02, West Betuwe,1960, Gelderland,15,Thursday,4,2
2020-04-02, Altena,1959, North Brabant,19,Thursday,4,2
2020-04-02, Olst-Wijhe,1773, Overijssel,6,Thursday,4,2
2020-04-02, Montferland,1955, Gelderland,4,Thursday,4,2
2020-04-02, Central Groningen,1952, Groningen,4,Thursday,4,2
2020-04-02, Westerwolde,1950, Groningen,4,Thursday,4,2
2020-04-02, Waadhoeke,1949, Friesland,4,Thursday,4,2
2020-04-02, Meierijstad,1948, North Brabant,124,Thursday,4,2
2020-04-02, Berg en Dal,1945, Gelderland,19,Thursday,4,2
2020-04-02, Gooise Meren,1942, North Holland,15,Thursday,4,2
2020-04-02, De Fryske Marren,1940, Friesland,11,Thursday,4,2
2020-04-02, Krimpenerwaard,1931, South Holland,28,Thursday,4,2
2020-04-02, Beekdaelen,1954, Limburg,28,Thursday,4,2
2020-04-02, Geldrop-Mierlo,1771, North Brabant,13,Thursday,4,2
2020-04-02, Rijssen-Holten,1742, Overijssel,13,Thursday,4,2
2020-04-02, Neder-Betuwe,1740, Gelderland,26,Thursday,4,2
2020-04-02, Landerd,1685, North Brabant,22,Thursday,4,2
2020-04-02, Cuijk,1684, North Brabant,6,Thursday,4,2
2020-04-02, Borger-Odoorn,1681, Drenthe,1,Thursday,4,2
2020-04-02, Aa and Hunze,1680, Drenthe,1,Thursday,4,2
2020-04-02, Schouwen-Duiveland,1676, Zeeland,7,Thursday,4,2
2020-04-02, Roosendaal,1674, North Brabant,12,Thursday,4,2
2020-04-02, Roerdalen,1669, Limburg,17,Thursday,4,2
2020-04-02, Reusel-De Mierden,1667, North Brabant,5,Thursday,4,2
2020-04-02, De Wolden,1690, Drenthe,2,Thursday,4,2
2020-04-02, Laarbeek,1659, North Brabant,24,Thursday,4,2
2020-04-02, Halderberge,1655, North Brabant,9,Thursday,4,2
2020-04-02, Gemert-Bakel,1652, North Brabant,57,Thursday,4,2
2020-04-02, Maasgouw,1641, Limburg,13,Thursday,4,2
2020-04-02, Leudal,1640, Limburg,35,Thursday,4,2
2020-04-02, Lansingerland,1621, South Holland,18,Thursday,4,2
2020-04-02, Koggenland,1598, North Holland,6,Thursday,4,2
2020-04-02, Oost Gelre,1586, Gelderland,2,Thursday,4,2
2020-04-02, Utrechtse Heuvelrug,1581, Utrecht,11,Thursday,4,2
2020-04-02, Heeze-Leende,1658, North Brabant,6,Thursday,4,2
2020-04-02, Oude IJsselstreek,1509, Gelderland,3,Thursday,4,2
2020-04-02, Wijdemeren,1696, North Holland,5,Thursday,4,2
2020-04-02, Twenterand,1700, Overijssel,6,Thursday,4,2
2020-04-02, Hof van Twente,1735, Overijssel,10,Thursday,4,2
2020-04-02, Overbetuwe,1734, Gelderland,39,Thursday,4,2
2020-04-02, Midden-Drenthe,1731, Drenthe,4,Thursday,4,2
2020-04-02, Tynaarlo,1730, Drenthe,5,Thursday,4,2
2020-04-02, Gulpen-Wittem,1729, Limburg,10,Thursday,4,2
2020-04-02, Bladel,1728, North Brabant,11,Thursday,4,2
2020-04-02, Bergeijk,1724, North Brabant,5,Thursday,4,2
2020-04-02, Alphen-Chaam,1723, North Brabant,10,Thursday,4,2
2020-04-02, Noordenveld,1699, Drenthe,1,Thursday,4,2
2020-04-02, Bernheze,1721, North Brabant,65,Thursday,4,2
2020-04-02, Sluis,1714, Zeeland,4,Thursday,4,2
2020-04-02, Echt-Susteren,1711, Limburg,22,Thursday,4,2
2020-04-02, Moerdijk,1709, North Brabant,6,Thursday,4,2
2020-04-02, Steenwijkerland,1708, Overijssel,7,Thursday,4,2
2020-04-02, Cranendonck,1706, North Brabant,38,Thursday,4,2
2020-04-02, Lingewaard,1705, Gelderland,18,Thursday,4,2
2020-04-02, Sint Anthonis,1702, Noord-Brabant,14,Thursday,4,2
2020-04-02, Westerveld,1701, Drenthe,2,Thursday,4,2
2020-04-02, Drimmelen,1719, North Brabant,14,Thursday,4,2
2020-04-02, Waddinxveen,627, South Holland,6,Thursday,4,2
2020-04-02, Woerden,632, Utrecht,26,Thursday,4,2
2020-04-02, Vlaardingen,622, South Holland,16,Thursday,4,2
2020-04-02, Nijmegen,268, Gelderland,83,Thursday,4,2
2020-04-02, Nijkerk,267, Gelderland,14,Thursday,4,2
2020-04-02, Maasdriel,263, Gelderland,11,Thursday,4,2
2020-04-02, Lochem,262, Gelderland,3,Thursday,4,2
2020-04-02, Heumen,252, Gelderland,10,Thursday,4,2
2020-04-02, Heerde,246, Gelderland,19,Thursday,4,2
2020-04-02, Hattem,244, Gelderland,5,Thursday,4,2
2020-04-02, Harderwijk,243, Gelderland,8,Thursday,4,2
2020-04-02, Oldebroek,269, Gelderland,8,Thursday,4,2
2020-04-02, Ermelo,233, Gelderland,11,Thursday,4,2
2020-04-02, Elburg,230, Gelderland,4,Thursday,4,2
2020-04-02, Ede,228, Gelderland,31,Thursday,4,2
2020-04-02, Duiven,226, Gelderland,4,Thursday,4,2
2020-04-02, Druten,225, Gelderland,13,Thursday,4,2
2020-04-02, Doetinchem,222, Gelderland,5,Thursday,4,2
2020-04-02, Doesburg,221, Gelderland,3,Thursday,4,2
2020-04-02, Culemborg,216, Gelderland,17,Thursday,4,2
2020-04-02, Buren,214, Gelderland,5,Thursday,4,2
2020-04-02, Epe,232, Gelderland,10,Thursday,4,2
2020-04-02, Brummen,213, Gelderland,5,Thursday,4,2
2020-04-02, Putten,273, Gelderland,1,Thursday,4,2
2020-04-02, Rheden,275, Gelderland,24,Thursday,4,2
2020-04-02, Eemnes,317, Utrecht,1,Thursday,4,2
2020-04-02, Bunschoten,313, Utrecht,2,Thursday,4,2
2020-04-02, Bunnik,312, Utrecht,4,Thursday,4,2
2020-04-02, De Bilt,310, Utrecht,13,Thursday,4,2
2020-04-02, Baarn,308, Utrecht,4,Thursday,4,2
2020-04-02, Amersfoort,307, Utrecht,28,Thursday,4,2
2020-04-02, Dronten,303, Flevoland,12,Thursday,4,2
2020-04-02, Nunspeet,302, Gelderland,19,Thursday,4,2
2020-04-02, Renkum,274, Gelderland,11,Thursday,4,2
2020-04-02, Zutphen,301, Gelderland,9,Thursday,4,2
2020-04-02, Zaltbommel,297, Gelderland,10,Thursday,4,2
2020-04-02, Wijchen,296, Gelderland,31,Thursday,4,2
2020-04-02, Winterswijk,294, Gelderland,1,Thursday,4,2
2020-04-02, Westervoort,293, Gelderland,3,Thursday,4,2
2020-04-02, Wageningen,289, Gelderland,6,Thursday,4,2
2020-04-02, Voorst,285, Gelderland,6,Thursday,4,2
2020-04-02, Tiel,281, Gelderland,21,Thursday,4,2
2020-04-02, Rozendaal,277, Gelderland,1,Thursday,4,2
2020-04-02, Zevenaar,299, Gelderland,20,Thursday,4,2
2020-04-02, Houten,321, Utrecht,12,Thursday,4,2
2020-04-02, Beuningen,209, Gelderland,14,Thursday,4,2
2020-04-02, Arnhem,202, Gelderland,33,Thursday,4,2
2020-04-02, Meppel,119, Drenthe,4,Thursday,4,2
2020-04-02, Hoogeveen,118, Drenthe,5,Thursday,4,2
2020-04-02, Emmen,114, Drenthe,6,Thursday,4,2
2020-04-02, Coevorden,109, Drenthe,6,Thursday,4,2
2020-04-02, Assen,106, Drenthe,7,Thursday,4,2
2020-04-02, Weststellingwerf,98, Friesland,2,Thursday,4,2
2020-04-02, Smallingerland,90, Friesland,5,Thursday,4,2
2020-04-02, Opsterland,86, Friesland,4,Thursday,4,2
2020-04-02, Almelo,141, Overijssel,12,Thursday,4,2
2020-04-02, Ooststellingwerf,85, Friesland,1,Thursday,4,2
2020-04-02, Heerenveen,74, Friesland,7,Thursday,4,2
2020-04-02, Harlingen,72, Friesland,1,Thursday,4,2
2020-04-02, Zeewolde,50, Flevoland,5,Thursday,4,2
2020-04-02, Veendam,47, Groningen,1,Thursday,4,2
2020-04-02, Almere,34, Flevoland,61,Thursday,4,2
2020-04-02, Groningen,14, Groningen,12,Thursday,4,2
2020-04-02, Delfzijl,10, Groningen,4,Thursday,4,2
2020-04-02, Voorschoten,626, South Holland,5,Thursday,4,2
2020-04-02, Leeuwarden,80, Friesland,21,Thursday,4,2
2020-04-02, Barneveld,203, Gelderland,8,Thursday,4,2
2020-04-02, Borne,147, Overijssel,10,Thursday,4,2
2020-04-02, Deventer,150, Overijssel,25,Thursday,4,2
2020-04-02, Apeldoorn,200, Gelderland,22,Thursday,4,2
2020-04-02, Aalten,197, Gelderland,1,Thursday,4,2
2020-04-02, Zwolle,193, Overijssel,33,Thursday,4,2
2020-04-02, Wierden,189, Overijssel,2,Thursday,4,2
2020-04-02, Urk,184, Flevoland,12,Thursday,4,2
2020-04-02, Tubbergen,183, Overijssel,8,Thursday,4,2
2020-04-02, Staphorst,180, Overijssel,1,Thursday,4,2
2020-04-02, Raalte,177, Overijssel,18,Thursday,4,2
2020-04-02, Dalfsen,148, Overijssel,9,Thursday,4,2
2020-04-02, Ommen,175, Overijssel,6,Thursday,4,2
2020-04-02, Noordoostpolder,171, Flevoland,7,Thursday,4,2
2020-04-02, Losser,168, Overijssel,3,Thursday,4,2
2020-04-02, Kampen,166, Overijssel,38,Thursday,4,2
2020-04-02, Hengelo,164, Overijssel,8,Thursday,4,2
2020-04-02, Hellendoorn,163, Overijssel,4,Thursday,4,2
2020-04-02, Hardenberg,160, Overijssel,10,Thursday,4,2
2020-04-02, Haaksbergen,158, Overijssel,6,Thursday,4,2
2020-04-02, Enschede,153, Overijssel,28,Thursday,4,2
2020-04-02, Oldenzaal,173, Overijssel,10,Thursday,4,2
2020-04-02, Leusden,327, Utrecht,5,Thursday,4,2
2020-04-02, Appingedam,3, Groningen,1,Thursday,4,2
2020-04-02, Montfoort,335, Utrecht,9,Thursday,4,2
2020-04-02, Hardinxveld-Giessendam,523, South Holland,1,Thursday,4,2
2020-04-02, The Hague,518, South Holland,112,Thursday,4,2
2020-04-02, Gouda,513, South Holland,15,Thursday,4,2
2020-04-02, Gorinchem,512, South Holland,10,Thursday,4,2
2020-04-02, Dordrecht,505, South Holland,32,Thursday,4,2
2020-04-02, Delft,503, South Holland,23,Thursday,4,2
2020-04-02, Capelle aan den IJssel,502, South Holland,23,Thursday,4,2
2020-04-02, Brielle,501, South Holland,5,Thursday,4,2
2020-04-02, Drechterland,498, North Holland,1,Thursday,4,2
2020-04-02, Barendrecht,489, South Holland,18,Thursday,4,2
2020-04-02, Alphen aan den Rijn,484, South Holland,33,Thursday,4,2
2020-04-02, Alblasserdam,482, South Holland,3,Thursday,4,2
2020-04-02, Zaanstad,479, North Holland,35,Thursday,4,2
2020-04-02, Zandvoort,473, North Holland,6,Thursday,4,2
2020-04-02, Weesp,457, North Holland,5,Thursday,4,2
2020-04-02, Velsen,453, North Holland,16,Thursday,4,2
2020-04-02, Uithoorn,451, North Holland,9,Thursday,4,2
2020-04-02, Hellevoetsluis,530, South Holland,6,Thursday,4,2
2020-04-02, Hendrik-Ido-Ambacht,531, South Holland,3,Thursday,4,2
2020-04-02, Stede Broec,532, North Holland,11,Thursday,4,2
2020-04-02, Hillegom,534, South Holland,4,Thursday,4,2
2020-04-02, Lopik,331, Utrecht,10,Thursday,4,2
2020-04-02, Albrandswaard,613, South Holland,5,Thursday,4,2
2020-04-02, Sliedrecht,610, South Holland,2,Thursday,4,2
2020-04-02, Schiedam,606, South Holland,21,Thursday,4,2
2020-04-02, Rijswijk,603, South Holland,13,Thursday,4,2
2020-04-02, Rotterdam,599, South Holland,151,Thursday,4,2
2020-04-02, Ridderkerk,597, South Holland,23,Thursday,4,2
2020-04-02, Papendrecht,590, South Holland,1,Thursday,4,2
2020-04-02, Uitgeest,450, North Holland,3,Thursday,4,2
2020-04-02, Oudewater,589, Utrecht,16,Thursday,4,2
2020-04-02, Noordwijk,575, South Holland,8,Thursday,4,2
2020-04-02, Nieuwkoop,569, South Holland,5,Thursday,4,2
2020-04-02, Maassluis,556, South Holland,9,Thursday,4,2
2020-04-02, Lisse,553, South Holland,3,Thursday,4,2
2020-04-02, Leiderdorp,547, South Holland,5,Thursday,4,2
2020-04-02, Leiden,546, South Holland,18,Thursday,4,2
2020-04-02, Krimpen aan den IJssel,542, South Holland,4,Thursday,4,2
2020-04-02, Katwijk,537, South Holland,11,Thursday,4,2
2020-04-02, Oegstgeest,579, South Holland,3,Thursday,4,2
2020-04-02, Texel,448, North Holland,2,Thursday,4,2
2020-04-02, Westvoorne,614, South Holland,4,Thursday,4,2
2020-04-02, Purmerend,439, North Holland,38,Thursday,4,2
2020-04-02, Blaricum,376, North Holland,5,Thursday,4,2
2020-04-02, Beverwijk,375, North Holland,7,Thursday,4,2
2020-04-02, Bergen (NH.),373, North Holland,11,Thursday,4,2
2020-04-02, Beemster,370, North Holland,2,Thursday,4,2
2020-04-02, Amsterdam,363, North Holland,263,Thursday,4,2
2020-04-02, Amstelveen,362, North Holland,31,Thursday,4,2
2020-04-02, Aalsmeer,358, North Holland,6,Thursday,4,2
2020-04-02, Nieuwegein,356, Utrecht,20,Thursday,4,2
2020-04-02, Bloemendaal,377, North Holland,3,Thursday,4,2
2020-04-02, Zeist,355, Utrecht,15,Thursday,4,2
2020-04-02, Wijk bij Duurstede,352, Utrecht,7,Thursday,4,2
2020-04-02, Woudenberg,351, Utrecht,2,Thursday,4,2
2020-04-02, Veenendaal,345, Utrecht,7,Thursday,4,2
2020-04-02, Utrecht,344, Utrecht,90,Thursday,4,2
2020-04-02, Soest,342, Utrecht,10,Thursday,4,2
2020-04-02, Rhenen,340, Utrecht,3,Thursday,4,2
2020-04-02, Renswoude,339, Utrecht,1,Thursday,4,2
2020-04-02, Schagen,441, North Holland,10,Thursday,4,2
2020-04-02, IJsselstein,353, Utrecht,21,Thursday,4,2
2020-04-02, Castricum,383, North Holland,8,Thursday,4,2
2020-04-02, Alkmaar,361, North Holland,24,Thursday,4,2
2020-04-02, Edam-Volendam,385, North Holland,10,Thursday,4,2
2020-04-02, Ouder-Amstel,437, North Holland,4,Thursday,4,2
2020-04-02, Diemen,384, North Holland,4,Thursday,4,2
2020-04-02, Oostzaan,431, North Holland,4,Thursday,4,2
2020-04-02, Medemblik,420, North Holland,10,Thursday,4,2
2020-04-02, Laren,417, North Holland,7,Thursday,4,2
2020-04-02, Langedijk,416, North Holland,8,Thursday,4,2
2020-04-02, Landsmeer,415, North Holland,3,Thursday,4,2
2020-04-02, Huizen,406, North Holland,12,Thursday,4,2
2020-04-02, Hoorn,405, North Holland,16,Thursday,4,2
2020-04-02, Opmeer,432, North Holland,1,Thursday,4,2
2020-04-02, Den Helder,400, North Holland,6,Thursday,4,2
2020-04-02, Heiloo,399, North Holland,5,Thursday,4,2
2020-04-02, Enkhuizen,388, North Holland,14,Thursday,4,2
2020-04-02, Heerhugowaard,398, North Holland,19,Thursday,4,2
2020-04-02, Heemstede,397, North Holland,5,Thursday,4,2
2020-04-02, Heemskerk,396, North Holland,17,Thursday,4,2
2020-04-02, Haarlemmermeer,394, North Holland,34,Thursday,4,2
2020-04-02, Haarlem,392, North Holland,32,Thursday,4,2
2020-04-02, Hilversum,402, North Holland,16,Thursday,4,2
2020-04-03, Woensdrecht,873, North Brabant,4,Friday,4,3
2020-04-03, Waalwijk,867, North Brabant,15,Friday,4,3
2020-04-03, Waalre,866, North Brabant,3,Friday,4,3
2020-04-03, Vught,865, North Brabant,27,Friday,4,3
2020-04-03, Veldhoven,861, North Brabant,14,Friday,4,3
2020-04-03, Valkenswaard,858, North Brabant,10,Friday,4,3
2020-04-03, Uden,856, North Brabant,80,Friday,4,3
2020-04-03, Son en Breugel,848, North Brabant,20,Friday,4,3
2020-04-03, Waterland,852, North Holland,8,Friday,4,3
2020-04-03, Steenbergen,851, North Brabant,8,Friday,4,3
2020-04-03, Someren,847, North Brabant,19,Friday,4,3
2020-04-03, Sint-Michielsgestel,845, North Brabant,15,Friday,4,3
2020-04-03, Rucphen,840, North Brabant,5,Friday,4,3
2020-04-03, Oss,828, North Brabant,93,Friday,4,3
2020-04-03, Oosterhout,826, North Brabant,25,Friday,4,3
2020-04-03, Zundert,879, North Brabant,14,Friday,4,3
2020-04-03, Tilburg,855, North Brabant,135,Friday,4,3
2020-04-03, Wormerland,880, North Holland,11,Friday,4,3
2020-04-03, Weert,988, Limburg,33,Friday,4,3
2020-04-03, Beek,888, Limburg,10,Friday,4,3
2020-04-03, Oisterwijk,824, North Brabant,10,Friday,4,3
2020-04-03, Voerendaal,986, Limburg,8,Friday,4,3
2020-04-03, Venray,984, Limburg,23,Friday,4,3
2020-04-03, Venlo,983, Limburg,80,Friday,4,3
2020-04-03, Vaals,981, Limburg,6,Friday,4,3
2020-04-03, Stein,971, Limburg,25,Friday,4,3
2020-04-03, Simpelveld,965, Limburg,13,Friday,4,3
2020-04-03, Roermond,957, Limburg,33,Friday,4,3
2020-04-03, Landgraaf,882, Limburg,27,Friday,4,3
2020-04-03, Nederweert,946, Limburg,24,Friday,4,3
2020-04-03, Meerssen,938, Limburg,8,Friday,4,3
2020-04-03, Maastricht,935, Limburg,87,Friday,4,3
2020-04-03, Kerkrade,928, Limburg,33,Friday,4,3
2020-04-03, Heerlen,917, Limburg,72,Friday,4,3
2020-04-03, Gennep,907, Limburg,11,Friday,4,3
2020-04-03, Brunssum,899, Limburg,23,Friday,4,3
2020-04-03, Bergen (L.),893, Limburg,3,Friday,4,3
2020-04-03, Beesel,889, Limburg,11,Friday,4,3
2020-04-03, Mook and Middelaar,944, Limburg,3,Friday,4,3
2020-04-03, Oirschot,823, North Brabant,9,Friday,4,3
2020-04-03, Boxmeer,756, North Brabant,12,Friday,4,3
2020-04-03, Mill and Sint Hubert,815, North Brabant,6,Friday,4,3
2020-04-03, Asten,743, North Brabant,7,Friday,4,3
2020-04-03, Tytsjerksteradiel,737, Friesland,3,Friday,4,3
2020-04-03, De Ronde Venen,736, Utrecht,17,Friday,4,3
2020-04-03, Vlissingen,718, Zeeland,6,Friday,4,3
2020-04-03, Veere,717, Zeeland,3,Friday,4,3
2020-04-03, Tholen,716, Zeeland,26,Friday,4,3
2020-04-03, Terneuzen,715, Zeeland,15,Friday,4,3
2020-04-03, Reimerswaal,703, Zeeland,4,Friday,4,3
2020-04-03, Baarle-Nassau,744, North Brabant,1,Friday,4,3
2020-04-03, Middelburg,687, Zeeland,13,Friday,4,3
2020-04-03, Hulst,677, Zeeland,4,Friday,4,3
2020-04-03, West Maas and Waal,668, Gelderland,9,Friday,4,3
2020-04-03, Goes,664, Zeeland,8,Friday,4,3
2020-04-03, Borsele,654, Zeeland,3,Friday,4,3
2020-04-03, Zwijndrecht,642, South Holland,11,Friday,4,3
2020-04-03, Zoeterwoude,638, South Holland,2,Friday,4,3
2020-04-03, Valkenburg aan de Geul,994, Limburg,8,Friday,4,3
2020-04-03, Woerden,632, Utrecht,27,Friday,4,3
2020-04-03, Kapelle,678, Zeeland,1,Friday,4,3
"2020-04-03,"" """"Nuenen Gerwen and Nederwetten"""""",820, Noord-Brabant,12,Friday,4,3"
2020-04-03, Bergen op Zoom,748, North Brabant,14,Friday,4,3
2020-04-03, Boekel,755, North Brabant,27,Friday,4,3
2020-04-03, Loon op Zand,809, North Brabant,17,Friday,4,3
2020-04-03, Hilvarenbeek,798, North Brabant,6,Friday,4,3
2020-04-03, Heusden,797, North Brabant,31,Friday,4,3
2020-04-03, 's-Hertogenbosch,796, Noord-Brabant,80,Friday,4,3
2020-04-03, Helmond,794, North Brabant,52,Friday,4,3
2020-04-03, Haaren,788, North Brabant,14,Friday,4,3
2020-04-03, Grave,786, North Brabant,13,Friday,4,3
2020-04-03, Goirle,785, North Brabant,20,Friday,4,3
2020-04-03, Best,753, Noord-Brabant,24,Friday,4,3
2020-04-03, Gilze and Rijen,784, North Brabant,15,Friday,4,3
2020-04-03, Etten-Leur,777, North Brabant,29,Friday,4,3
2020-04-03, Eindhoven,772, North Brabant,79,Friday,4,3
2020-04-03, Eersel,770, North Brabant,16,Friday,4,3
2020-04-03, Dongen,766, Noord-Brabant,10,Friday,4,3
2020-04-03, Pekela,765, Groningen,4,Friday,4,3
2020-04-03, Deurne,762, North Brabant,43,Friday,4,3
2020-04-03, Breda,758, North Brabant,125,Friday,4,3
2020-04-03, Boxtel,757, North Brabant,11,Friday,4,3
2020-04-03, Geertruidenberg,779, North Brabant,9,Friday,4,3
2020-04-03, Zoetermeer,637, South Holland,24,Friday,4,3
2020-04-03, Overbetuwe,1734, Gelderland,42,Friday,4,3
2020-04-03, Oude IJsselstreek,1509, Gelderland,4,Friday,4,3
2020-04-03, Leidschendam-Voorburg,1916, South Holland,9,Friday,4,3
2020-04-03, Hollands Kroon,1911, North Holland,22,Friday,4,3
2020-04-03, Stichtse Vecht,1904, Utrecht,20,Friday,4,3
2020-04-03, Eijsden-Margraten,1903, Limburg,25,Friday,4,3
2020-04-03, Bodegraven-Reeuwijk,1901, South Holland,4,Friday,4,3
2020-04-03, Súdwest-Fryslân,1900, Friesland,13,Friday,4,3
2020-04-03, Zwartewaterland,1896, Overijssel,21,Friday,4,3
2020-04-03, Oldambt,1895, Groningen,1,Friday,4,3
2020-04-03, Goeree-Overflakkee,1924, South Holland,32,Friday,4,3
2020-04-03, Peel and Maas,1894, Limburg,117,Friday,4,3
2020-04-03, Dantumadiel,1891, Friesland,1,Friday,4,3
2020-04-03, Kaag and Braassem,1884, South Holland,5,Friday,4,3
2020-04-03, Sittard-Geleen,1883, Limburg,63,Friday,4,3
2020-04-03, Bronckhorst,1876, Gelderland,1,Friday,4,3
2020-04-03, Berkelland,1859, Gelderland,1,Friday,4,3
2020-04-03, Midden-Delfland,1842, South Holland,3,Friday,4,3
2020-04-03, Westland,1783, South Holland,29,Friday,4,3
2020-04-03, Dinkelland,1774, Overijssel,15,Friday,4,3
2020-04-03, Zuidplas,1892, South Holland,12,Friday,4,3
2020-04-03, Olst-Wijhe,1773, Overijssel,6,Friday,4,3
2020-04-03, Pijnacker-Nootdorp,1926, South Holland,10,Friday,4,3
2020-04-03, Krimpenerwaard,1931, South Holland,28,Friday,4,3
2020-04-03, Molenlanden,1978, South Holland,13,Friday,4,3
2020-04-03, Wassenaar,629, South Holland,2,Friday,4,3
2020-04-03, Noardeast-Fryslân,1970, Friesland,4,Friday,4,3
2020-04-03, Westerkwartier,1969, Groningen,10,Friday,4,3
2020-04-03, Het Hogeland,1966, Groningen,5,Friday,4,3
2020-04-03, Hoeksche Waard,1963, South Holland,42,Friday,4,3
2020-04-03, Vijfheerenlanden,1961, Utrecht,15,Friday,4,3
2020-04-03, West Betuwe,1960, Gelderland,17,Friday,4,3
2020-04-03, Nissewaard,1930, South Holland,23,Friday,4,3
2020-04-03, Altena,1959, North Brabant,21,Friday,4,3
2020-04-03, Beekdaelen,1954, Limburg,28,Friday,4,3
2020-04-03, Central Groningen,1952, Groningen,4,Friday,4,3
2020-04-03, Westerwolde,1950, Groningen,4,Friday,4,3
2020-04-03, Waadhoeke,1949, Friesland,4,Friday,4,3
2020-04-03, Meierijstad,1948, North Brabant,134,Friday,4,3
2020-04-03, Berg en Dal,1945, Gelderland,21,Friday,4,3
2020-04-03, Gooise Meren,1942, North Holland,15,Friday,4,3
2020-04-03, De Fryske Marren,1940, Friesland,11,Friday,4,3
2020-04-03, Montferland,1955, Gelderland,4,Friday,4,3
2020-04-03, Horst aan de Maas,1507, Limburg,33,Friday,4,3
2020-04-03, Geldrop-Mierlo,1771, North Brabant,18,Friday,4,3
2020-04-03, Neder-Betuwe,1740, Gelderland,26,Friday,4,3
2020-04-03, Cuijk,1684, North Brabant,6,Friday,4,3
2020-04-03, Borger-Odoorn,1681, Drenthe,2,Friday,4,3
2020-04-03, Aa and Hunze,1680, Drenthe,1,Friday,4,3
2020-04-03, Schouwen-Duiveland,1676, Zeeland,7,Friday,4,3
2020-04-03, Roosendaal,1674, North Brabant,15,Friday,4,3
2020-04-03, Roerdalen,1669, Limburg,18,Friday,4,3
2020-04-03, Reusel-De Mierden,1667, North Brabant,6,Friday,4,3
2020-04-03, Laarbeek,1659, North Brabant,25,Friday,4,3
2020-04-03, Landerd,1685, North Brabant,23,Friday,4,3
2020-04-03, Heeze-Leende,1658, North Brabant,7,Friday,4,3
2020-04-03, Gemert-Bakel,1652, North Brabant,59,Friday,4,3
2020-04-03, Maasgouw,1641, Limburg,15,Friday,4,3
2020-04-03, Leudal,1640, Limburg,38,Friday,4,3
2020-04-03, Lansingerland,1621, South Holland,20,Friday,4,3
2020-04-03, Koggenland,1598, North Holland,6,Friday,4,3
2020-04-03, Oost Gelre,1586, Gelderland,2,Friday,4,3
2020-04-03, Utrechtse Heuvelrug,1581, Utrecht,13,Friday,4,3
2020-04-03, Teylingen,1525, South Holland,8,Friday,4,3
2020-04-03, Halderberge,1655, North Brabant,9,Friday,4,3
2020-04-03, Rijssen-Holten,1742, Overijssel,13,Friday,4,3
2020-04-03, De Wolden,1690, Drenthe,2,Friday,4,3
2020-04-03, Noordenveld,1699, Drenthe,1,Friday,4,3
2020-04-03, Hof van Twente,1735, Overijssel,10,Friday,4,3
2020-04-03, Midden-Drenthe,1731, Drenthe,4,Friday,4,3
2020-04-03, Tynaarlo,1730, Drenthe,6,Friday,4,3
2020-04-03, Gulpen-Wittem,1729, Limburg,10,Friday,4,3
2020-04-03, Bladel,1728, North Brabant,11,Friday,4,3
2020-04-03, Bergeijk,1724, North Brabant,7,Friday,4,3
2020-04-03, Alphen-Chaam,1723, North Brabant,10,Friday,4,3
2020-04-03, Bernheze,1721, North Brabant,68,Friday,4,3
2020-04-03, Wijdemeren,1696, North Holland,5,Friday,4,3
2020-04-03, Drimmelen,1719, North Brabant,14,Friday,4,3
2020-04-03, Echt-Susteren,1711, Limburg,23,Friday,4,3
2020-04-03, Moerdijk,1709, North Brabant,7,Friday,4,3
2020-04-03, Steenwijkerland,1708, Overijssel,8,Friday,4,3
2020-04-03, Cranendonck,1706, North Brabant,41,Friday,4,3
2020-04-03, Lingewaard,1705, Gelderland,18,Friday,4,3
2020-04-03, Sint Anthonis,1702, Noord-Brabant,15,Friday,4,3
2020-04-03, Westerveld,1701, Drenthe,3,Friday,4,3
2020-04-03, Twenterand,1700, Overijssel,6,Friday,4,3
2020-04-03, Sluis,1714, Zeeland,4,Friday,4,3
2020-04-03, Waddinxveen,627, South Holland,7,Friday,4,3
2020-04-03, Lelystad,995, Flevoland,30,Friday,4,3
2020-04-03, Vlaardingen,622, South Holland,17,Friday,4,3
2020-04-03, Nijkerk,267, Gelderland,16,Friday,4,3
2020-04-03, Maasdriel,263, Gelderland,11,Friday,4,3
2020-04-03, Lochem,262, Gelderland,5,Friday,4,3
2020-04-03, Heumen,252, Gelderland,11,Friday,4,3
2020-04-03, Heerde,246, Gelderland,19,Friday,4,3
2020-04-03, Hattem,244, Gelderland,5,Friday,4,3
2020-04-03, Harderwijk,243, Gelderland,8,Friday,4,3
2020-04-03, Ermelo,233, Gelderland,11,Friday,4,3
2020-04-03, Epe,232, Gelderland,10,Friday,4,3
2020-04-03, Elburg,230, Gelderland,4,Friday,4,3
2020-04-03, Ede,228, Gelderland,31,Friday,4,3
2020-04-03, Duiven,226, Gelderland,4,Friday,4,3
2020-04-03, Druten,225, Gelderland,16,Friday,4,3
2020-04-03, Doetinchem,222, Gelderland,6,Friday,4,3
2020-04-03, Doesburg,221, Gelderland,3,Friday,4,3
2020-04-03, Culemborg,216, Gelderland,17,Friday,4,3
2020-04-03, Buren,214, Gelderland,6,Friday,4,3
2020-04-03, Nijmegen,268, Gelderland,87,Friday,4,3
2020-04-03, Oldebroek,269, Gelderland,8,Friday,4,3
2020-04-03, Putten,273, Gelderland,1,Friday,4,3
2020-04-03, Renkum,274, Gelderland,11,Friday,4,3
2020-04-03, Bunschoten,313, Utrecht,2,Friday,4,3
2020-04-03, Bunnik,312, Utrecht,5,Friday,4,3
2020-04-03, De Bilt,310, Utrecht,15,Friday,4,3
2020-04-03, Baarn,308, Utrecht,7,Friday,4,3
2020-04-03, Amersfoort,307, Utrecht,31,Friday,4,3
2020-04-03, Dronten,303, Flevoland,12,Friday,4,3
2020-04-03, Nunspeet,302, Gelderland,19,Friday,4,3
2020-04-03, Zutphen,301, Gelderland,10,Friday,4,3
2020-04-03, Voorschoten,626, South Holland,6,Friday,4,3
2020-04-03, Zevenaar,299, Gelderland,24,Friday,4,3
2020-04-03, Wijchen,296, Gelderland,32,Friday,4,3
2020-04-03, Winterswijk,294, Gelderland,1,Friday,4,3
2020-04-03, Westervoort,293, Gelderland,4,Friday,4,3
2020-04-03, Wageningen,289, Gelderland,8,Friday,4,3
2020-04-03, Voorst,285, Gelderland,6,Friday,4,3
2020-04-03, Tiel,281, Gelderland,24,Friday,4,3
2020-04-03, Rozendaal,277, Gelderland,1,Friday,4,3
2020-04-03, Rheden,275, Gelderland,26,Friday,4,3
2020-04-03, Zaltbommel,297, Gelderland,10,Friday,4,3
2020-04-03, Beuningen,209, Gelderland,15,Friday,4,3
2020-04-03, Barneveld,203, Gelderland,8,Friday,4,3
2020-04-03, Arnhem,202, Gelderland,37,Friday,4,3
2020-04-03, Meppel,119, Drenthe,4,Friday,4,3
2020-04-03, Hoogeveen,118, Drenthe,7,Friday,4,3
2020-04-03, Emmen,114, Drenthe,6,Friday,4,3
2020-04-03, Coevorden,109, Drenthe,6,Friday,4,3
2020-04-03, Assen,106, Drenthe,7,Friday,4,3
2020-04-03, Weststellingwerf,98, Friesland,2,Friday,4,3
2020-04-03, Smallingerland,90, Friesland,5,Friday,4,3
2020-04-03, Opsterland,86, Friesland,5,Friday,4,3
2020-04-03, Almelo,141, Overijssel,13,Friday,4,3
2020-04-03, Ooststellingwerf,85, Friesland,1,Friday,4,3
2020-04-03, Heerenveen,74, Friesland,9,Friday,4,3
2020-04-03, Harlingen,72, Friesland,2,Friday,4,3
2020-04-03, Zeewolde,50, Flevoland,5,Friday,4,3
2020-04-03, Veendam,47, Groningen,1,Friday,4,3
2020-04-03, Almere,34, Flevoland,67,Friday,4,3
2020-04-03, Groningen,14, Groningen,12,Friday,4,3
2020-04-03, Delfzijl,10, Groningen,4,Friday,4,3
2020-04-03, Appingedam,3, Groningen,1,Friday,4,3
2020-04-03, Leeuwarden,80, Friesland,24,Friday,4,3
2020-04-03, Eemnes,317, Utrecht,1,Friday,4,3
2020-04-03, Borne,147, Overijssel,12,Friday,4,3
2020-04-03, Deventer,150, Overijssel,25,Friday,4,3
2020-04-03, Apeldoorn,200, Gelderland,24,Friday,4,3
2020-04-03, Aalten,197, Gelderland,1,Friday,4,3
2020-04-03, Zwolle,193, Overijssel,33,Friday,4,3
2020-04-03, Wierden,189, Overijssel,2,Friday,4,3
2020-04-03, Urk,184, Flevoland,13,Friday,4,3
2020-04-03, Tubbergen,183, Overijssel,8,Friday,4,3
2020-04-03, Staphorst,180, Overijssel,3,Friday,4,3
2020-04-03, Raalte,177, Overijssel,18,Friday,4,3
2020-04-03, Dalfsen,148, Overijssel,9,Friday,4,3
2020-04-03, Ommen,175, Overijssel,6,Friday,4,3
2020-04-03, Noordoostpolder,171, Flevoland,8,Friday,4,3
2020-04-03, Losser,168, Overijssel,4,Friday,4,3
2020-04-03, Kampen,166, Overijssel,38,Friday,4,3
2020-04-03, Hengelo,164, Overijssel,9,Friday,4,3
2020-04-03, Hellendoorn,163, Overijssel,5,Friday,4,3
2020-04-03, Hardenberg,160, Overijssel,10,Friday,4,3
2020-04-03, Haaksbergen,158, Overijssel,6,Friday,4,3
2020-04-03, Enschede,153, Overijssel,32,Friday,4,3
2020-04-03, Oldenzaal,173, Overijssel,10,Friday,4,3
2020-04-03, Houten,321, Utrecht,13,Friday,4,3
2020-04-03, Brummen,213, Gelderland,6,Friday,4,3
2020-04-03, Lopik,331, Utrecht,12,Friday,4,3
2020-04-03, Hardinxveld-Giessendam,523, South Holland,1,Friday,4,3
2020-04-03, The Hague,518, South Holland,115,Friday,4,3
2020-04-03, Gouda,513, South Holland,18,Friday,4,3
2020-04-03, Gorinchem,512, South Holland,10,Friday,4,3
2020-04-03, Dordrecht,505, South Holland,40,Friday,4,3
2020-04-03, Delft,503, South Holland,23,Friday,4,3
2020-04-03, Capelle aan den IJssel,502, South Holland,23,Friday,4,3
2020-04-03, Brielle,501, South Holland,5,Friday,4,3
2020-04-03, Hellevoetsluis,530, South Holland,7,Friday,4,3
2020-04-03, Drechterland,498, North Holland,1,Friday,4,3
2020-04-03, Alphen aan den Rijn,484, South Holland,36,Friday,4,3
2020-04-03, Alblasserdam,482, South Holland,4,Friday,4,3
2020-04-03, Zaanstad,479, North Holland,48,Friday,4,3
2020-04-03, Zandvoort,473, North Holland,7,Friday,4,3
2020-04-03, Weesp,457, North Holland,5,Friday,4,3
2020-04-03, Velsen,453, North Holland,16,Friday,4,3
2020-04-03, Uithoorn,451, North Holland,9,Friday,4,3
2020-04-03, Uitgeest,450, North Holland,3,Friday,4,3
2020-04-03, Barendrecht,489, South Holland,20,Friday,4,3
2020-04-03, Texel,448, North Holland,2,Friday,4,3
2020-04-03, Hendrik-Ido-Ambacht,531, South Holland,3,Friday,4,3
2020-04-03, Hillegom,534, South Holland,5,Friday,4,3
2020-04-03, Leusden,327, Utrecht,5,Friday,4,3
2020-04-03, Albrandswaard,613, South Holland,5,Friday,4,3
2020-04-03, Sliedrecht,610, South Holland,2,Friday,4,3
2020-04-03, Schiedam,606, South Holland,23,Friday,4,3
2020-04-03, Rijswijk,603, South Holland,14,Friday,4,3
2020-04-03, Rotterdam,599, South Holland,159,Friday,4,3
2020-04-03, Ridderkerk,597, South Holland,23,Friday,4,3
2020-04-03, Papendrecht,590, South Holland,1,Friday,4,3
2020-04-03, Stede Broec,532, North Holland,13,Friday,4,3
2020-04-03, Oudewater,589, Utrecht,16,Friday,4,3
2020-04-03, Noordwijk,575, South Holland,9,Friday,4,3
2020-04-03, Nieuwkoop,569, South Holland,5,Friday,4,3
2020-04-03, Maassluis,556, South Holland,10,Friday,4,3
2020-04-03, Lisse,553, South Holland,3,Friday,4,3
2020-04-03, Leiderdorp,547, South Holland,6,Friday,4,3
2020-04-03, Leiden,546, South Holland,19,Friday,4,3
2020-04-03, Krimpen aan den IJssel,542, South Holland,4,Friday,4,3
2020-04-03, Katwijk,537, South Holland,12,Friday,4,3
2020-04-03, Oegstgeest,579, South Holland,5,Friday,4,3
2020-04-03, Schagen,441, North Holland,11,Friday,4,3
2020-04-03, Westvoorne,614, South Holland,5,Friday,4,3
2020-04-03, Ouder-Amstel,437, North Holland,4,Friday,4,3
2020-04-03, Beverwijk,375, North Holland,8,Friday,4,3
2020-04-03, Bergen (NH.),373, North Holland,11,Friday,4,3
2020-04-03, Beemster,370, North Holland,2,Friday,4,3
2020-04-03, Amsterdam,363, North Holland,286,Friday,4,3
2020-04-03, Amstelveen,362, North Holland,33,Friday,4,3
2020-04-03, Alkmaar,361, North Holland,28,Friday,4,3
2020-04-03, Aalsmeer,358, North Holland,7,Friday,4,3
2020-04-03, Purmerend,439, North Holland,44,Friday,4,3
2020-04-03, Blaricum,376, North Holland,5,Friday,4,3
2020-04-03, Zeist,355, Utrecht,18,Friday,4,3
2020-04-03, Wijk bij Duurstede,352, Utrecht,7,Friday,4,3
2020-04-03, Woudenberg,351, Utrecht,3,Friday,4,3
2020-04-03, Veenendaal,345, Utrecht,9,Friday,4,3
2020-04-03, Utrecht,344, Utrecht,103,Friday,4,3
2020-04-03, Soest,342, Utrecht,13,Friday,4,3
2020-04-03, Rhenen,340, Utrecht,3,Friday,4,3
2020-04-03, Renswoude,339, Utrecht,1,Friday,4,3
2020-04-03, Montfoort,335, Utrecht,11,Friday,4,3
2020-04-03, IJsselstein,353, Utrecht,23,Friday,4,3
2020-04-03, Bloemendaal,377, North Holland,4,Friday,4,3
2020-04-03, Nieuwegein,356, Utrecht,21,Friday,4,3
2020-04-03, Diemen,384, North Holland,4,Friday,4,3
2020-04-03, Castricum,383, North Holland,11,Friday,4,3
2020-04-03, Opmeer,432, North Holland,1,Friday,4,3
2020-04-03, Oostzaan,431, North Holland,4,Friday,4,3
2020-04-03, Medemblik,420, North Holland,10,Friday,4,3
2020-04-03, Laren,417, North Holland,7,Friday,4,3
2020-04-03, Langedijk,416, North Holland,10,Friday,4,3
2020-04-03, Huizen,406, North Holland,12,Friday,4,3
2020-04-03, Hoorn,405, North Holland,18,Friday,4,3
2020-04-03, Hilversum,402, North Holland,17,Friday,4,3
2020-04-03, Landsmeer,415, North Holland,3,Friday,4,3
2020-04-03, Heiloo,399, North Holland,7,Friday,4,3
2020-04-03, Den Helder,400, North Holland,6,Friday,4,3
2020-04-03, Enkhuizen,388, North Holland,14,Friday,4,3
2020-04-03, Haarlem,392, North Holland,34,Friday,4,3
2020-04-03, Haarlemmermeer,394, North Holland,38,Friday,4,3
2020-04-03, Edam-Volendam,385, North Holland,11,Friday,4,3
2020-04-03, Heemstede,397, North Holland,6,Friday,4,3
2020-04-03, Heerhugowaard,398, North Holland,21,Friday,4,3
2020-04-03, Heemskerk,396, North Holland,18,Friday,4,3
2020-04-04, Uden,856, North Brabant,81,Saturday,4,4
2020-04-04, Woensdrecht,873, North Brabant,4,Saturday,4,4
2020-04-04, Waalwijk,867, North Brabant,17,Saturday,4,4
2020-04-04, Waalre,866, North Brabant,3,Saturday,4,4
2020-04-04, Vught,865, North Brabant,27,Saturday,4,4
2020-04-04, Veldhoven,861, North Brabant,15,Saturday,4,4
2020-04-04, Valkenswaard,858, North Brabant,10,Saturday,4,4
2020-04-04, Tilburg,855, North Brabant,139,Saturday,4,4
2020-04-04, Oirschot,823, North Brabant,9,Saturday,4,4
2020-04-04, Steenbergen,851, North Brabant,8,Saturday,4,4
2020-04-04, Son en Breugel,848, North Brabant,22,Saturday,4,4
2020-04-04, Someren,847, North Brabant,20,Saturday,4,4
2020-04-04, Sint-Michielsgestel,845, North Brabant,15,Saturday,4,4
2020-04-04, Rucphen,840, North Brabant,5,Saturday,4,4
2020-04-04, Oss,828, North Brabant,96,Saturday,4,4
2020-04-04, Oosterhout,826, North Brabant,25,Saturday,4,4
2020-04-04, Oisterwijk,824, North Brabant,10,Saturday,4,4
2020-04-04, Waterland,852, North Holland,9,Saturday,4,4
2020-04-04, Zundert,879, North Brabant,14,Saturday,4,4
2020-04-04, Voerendaal,986, Limburg,9,Saturday,4,4
2020-04-04, Landgraaf,882, Limburg,27,Saturday,4,4
"2020-04-04,"" """"Nuenen  Gerwen and Nederwetten"""""",820, Noord-Brabant,12,Saturday,4,4"
2020-04-04, Venray,984, Limburg,25,Saturday,4,4
2020-04-04, Venlo,983, Limburg,83,Saturday,4,4
2020-04-04, Vaals,981, Limburg,6,Saturday,4,4
2020-04-04, Stein,971, Limburg,26,Saturday,4,4
2020-04-04, Simpelveld,965, Limburg,14,Saturday,4,4
2020-04-04, Roermond,957, Limburg,36,Saturday,4,4
2020-04-04, Nederweert,946, Limburg,24,Saturday,4,4
2020-04-04, Wormerland,880, North Holland,12,Saturday,4,4
2020-04-04, Mook and Middelaar,944, Limburg,3,Saturday,4,4
2020-04-04, Maastricht,935, Limburg,93,Saturday,4,4
2020-04-04, Kerkrade,928, Limburg,34,Saturday,4,4
2020-04-04, Heerlen,917, Limburg,74,Saturday,4,4
2020-04-04, Gennep,907, Limburg,11,Saturday,4,4
2020-04-04, Brunssum,899, Limburg,24,Saturday,4,4
2020-04-04, Bergen (L.),893, Limburg,3,Saturday,4,4
2020-04-04, Beesel,889, Limburg,11,Saturday,4,4
2020-04-04, Beek,888, Limburg,10,Saturday,4,4
2020-04-04, Meerssen,938, Limburg,9,Saturday,4,4
2020-04-04, Mill and Sint Hubert,815, Noord-Brabant,7,Saturday,4,4
2020-04-04, Best,753, North Brabant,24,Saturday,4,4
2020-04-04, Hilvarenbeek,798, North Brabant,6,Saturday,4,4
2020-04-04, De Ronde Venen,736, Utrecht,17,Saturday,4,4
2020-04-04, Vlissingen,718, Zeeland,6,Saturday,4,4
2020-04-04, Veere,717, Zeeland,3,Saturday,4,4
2020-04-04, Tholen,716, Zeeland,30,Saturday,4,4
2020-04-04, Terneuzen,715, Zeeland,15,Saturday,4,4
2020-04-04, Reimerswaal,703, Zeeland,4,Saturday,4,4
2020-04-04, Middelburg,687, Zeeland,13,Saturday,4,4
2020-04-04, Kapelle,678, Zeeland,1,Saturday,4,4
2020-04-04, Hulst,677, Zeeland,4,Saturday,4,4
2020-04-04, West Maas and Waal,668, Gelderland,9,Saturday,4,4
2020-04-04, Goes,664, Zeeland,8,Saturday,4,4
2020-04-04, Borsele,654, Zeeland,3,Saturday,4,4
2020-04-04, Zwijndrecht,642, South Holland,11,Saturday,4,4
2020-04-04, Zoeterwoude,638, South Holland,2,Saturday,4,4
2020-04-04, Zoetermeer,637, South Holland,25,Saturday,4,4
2020-04-04, Woerden,632, Utrecht,28,Saturday,4,4
2020-04-04, Wassenaar,629, South Holland,2,Saturday,4,4
2020-04-04, Tytsjerksteradiel,737, Friesland,3,Saturday,4,4
2020-04-04, Asten,743, North Brabant,8,Saturday,4,4
2020-04-04, Baarle-Nassau,744, North Brabant,1,Saturday,4,4
2020-04-04, Bergen op Zoom,748, North Brabant,14,Saturday,4,4
2020-04-04, Heusden,797, North Brabant,31,Saturday,4,4
2020-04-04, 's-Hertogenbosch,796, North Brabant,81,Saturday,4,4
2020-04-04, Helmond,794, North Brabant,54,Saturday,4,4
2020-04-04, Haaren,788, North Brabant,14,Saturday,4,4
2020-04-04, Grave,786, North Brabant,14,Saturday,4,4
2020-04-04, Goirle,785, North Brabant,20,Saturday,4,4
2020-04-04, Gilze and Rijen,784, North Brabant,15,Saturday,4,4
2020-04-04, Geertruidenberg,779, North Brabant,9,Saturday,4,4
2020-04-04, Loon op Zand,809, North Brabant,17,Saturday,4,4
2020-04-04, Etten-Leur,777, North Brabant,31,Saturday,4,4
2020-04-04, Eersel,770, North Brabant,18,Saturday,4,4
2020-04-04, Dongen,766, North Brabant,11,Saturday,4,4
2020-04-04, Pekela,765, Groningen,4,Saturday,4,4
2020-04-04, Deurne,762, North Brabant,44,Saturday,4,4
2020-04-04, Breda,758, North Brabant,126,Saturday,4,4
2020-04-04, Boxtel,757, North Brabant,11,Saturday,4,4
2020-04-04, Boxmeer,756, North Brabant,13,Saturday,4,4
2020-04-04, Boekel,755, North Brabant,27,Saturday,4,4
2020-04-04, Eindhoven,772, North Brabant,87,Saturday,4,4
2020-04-04, Weert,988, Limburg,34,Saturday,4,4
2020-04-04, Westerkwartier,1969, Groningen,10,Saturday,4,4
2020-04-04, Lelystad,995, Flevoland,31,Saturday,4,4
2020-04-04, Eijsden-Margraten,1903, Limburg,29,Saturday,4,4
2020-04-04, Bodegraven-Reeuwijk,1901, South Holland,5,Saturday,4,4
2020-04-04, Súdwest-Fryslân,1900, Friesland,13,Saturday,4,4
2020-04-04, Zwartewaterland,1896, Overijssel,22,Saturday,4,4
2020-04-04, Oldambt,1895, Groningen,1,Saturday,4,4
2020-04-04, Peel and Maas,1894, Limburg,117,Saturday,4,4
2020-04-04, Zuidplas,1892, South Holland,12,Saturday,4,4
2020-04-04, Dantumadiel,1891, Friesland,2,Saturday,4,4
2020-04-04, Stichtse Vecht,1904, Utrecht,20,Saturday,4,4
2020-04-04, Kaag and Braassem,1884, South Holland,5,Saturday,4,4
2020-04-04, Bronckhorst,1876, Gelderland,1,Saturday,4,4
2020-04-04, Berkelland,1859, Gelderland,1,Saturday,4,4
2020-04-04, Midden-Delfland,1842, South Holland,3,Saturday,4,4
2020-04-04, Westland,1783, South Holland,32,Saturday,4,4
2020-04-04, Dinkelland,1774, Overijssel,16,Saturday,4,4
2020-04-04, Olst-Wijhe,1773, Overijssel,6,Saturday,4,4
2020-04-04, Geldrop-Mierlo,1771, North Brabant,18,Saturday,4,4
2020-04-04, Rijssen-Holten,1742, Overijssel,15,Saturday,4,4
2020-04-04, Sittard-Geleen,1883, Limburg,65,Saturday,4,4
2020-04-04, Neder-Betuwe,1740, Gelderland,27,Saturday,4,4
2020-04-04, Hollands Kroon,1911, North Holland,23,Saturday,4,4
2020-04-04, Goeree-Overflakkee,1924, South Holland,33,Saturday,4,4
2020-04-04, Waddinxveen,627, South Holland,7,Saturday,4,4
2020-04-04, Het Hogeland,1966, Groningen,5,Saturday,4,4
2020-04-04, Hoeksche Waard,1963, South Holland,49,Saturday,4,4
2020-04-04, Vijfheerenlanden,1961, Utrecht,16,Saturday,4,4
2020-04-04, West Betuwe,1960, Gelderland,18,Saturday,4,4
2020-04-04, Altena,1959, North Brabant,21,Saturday,4,4
2020-04-04, Montferland,1955, Gelderland,4,Saturday,4,4
2020-04-04, Beekdaelen,1954, Limburg,29,Saturday,4,4
2020-04-04, Leidschendam-Voorburg,1916, South Holland,11,Saturday,4,4
2020-04-04, Central Groningen,1952, Groningen,4,Saturday,4,4
2020-04-04, Waadhoeke,1949, Friesland,5,Saturday,4,4
2020-04-04, Meierijstad,1948, North Brabant,142,Saturday,4,4
2020-04-04, Berg en Dal,1945, Gelderland,23,Saturday,4,4
2020-04-04, Gooise Meren,1942, North Holland,16,Saturday,4,4
2020-04-04, De Fryske Marren,1940, Friesland,12,Saturday,4,4
2020-04-04, Krimpenerwaard,1931, South Holland,29,Saturday,4,4
2020-04-04, Nissewaard,1930, South Holland,23,Saturday,4,4
2020-04-04, Pijnacker-Nootdorp,1926, South Holland,11,Saturday,4,4
2020-04-04, Westerwolde,1950, Groningen,4,Saturday,4,4
2020-04-04, Valkenburg aan de Geul,994, Limburg,8,Saturday,4,4
2020-04-04, Hof van Twente,1735, Overijssel,10,Saturday,4,4
2020-04-04, Midden-Drenthe,1731, Drenthe,6,Saturday,4,4
2020-04-04, Aa and Hunze,1680, Drenthe,1,Saturday,4,4
2020-04-04, Schouwen-Duiveland,1676, Zeeland,8,Saturday,4,4
2020-04-04, Roosendaal,1674, North Brabant,15,Saturday,4,4
2020-04-04, Roerdalen,1669, Limburg,18,Saturday,4,4
2020-04-04, Reusel-De Mierden,1667, North Brabant,7,Saturday,4,4
2020-04-04, Laarbeek, 165 9, North Brabant,27,Saturday,4,4
2020-04-04, Heeze-Leende,1658, North Brabant,7,Saturday,4,4
2020-04-04, Halderberge,1655, North Brabant,9,Saturday,4,4
2020-04-04, Borger-Odoorn,1681, Drenthe,2,Saturday,4,4
2020-04-04, Gemert-Bakel,1652, North Brabant,61,Saturday,4,4
2020-04-04, Leudal,1640, Limburg,41,Saturday,4,4
2020-04-04, Lansingerland,1621, South Holland,20,Saturday,4,4
2020-04-04, Koggenland,1598, North Holland,6,Saturday,4,4
2020-04-04, Oost Gelre,1586, Gelderland,3,Saturday,4,4
2020-04-04, Utrechtse Heuvelrug,1581, Utrecht,15,Saturday,4,4
2020-04-04, Teylingen,1525, South Holland,10,Saturday,4,4
2020-04-04, Oude IJsselstreek,1509, Gelderland,4,Saturday,4,4
2020-04-04, Horst aan de Maas,1507, Limburg,34,Saturday,4,4
2020-04-04, Maasgouw,1641, Limburg,16,Saturday,4,4
2020-04-04, Overbetuwe,1734, Gelderland,43,Saturday,4,4
2020-04-04, Cuijk,1684, North Brabant,6,Saturday,4,4
2020-04-04, De Wolden,1690, Drenthe,2,Saturday,4,4
2020-04-04, Tynaarlo,1730, Drenthe,7,Saturday,4,4
2020-04-04, Gulpen-Wittem,1729, Limburg,10,Saturday,4,4
2020-04-04, Bladel,1728, North Brabant,12,Saturday,4,4
2020-04-04, Bergeijk,1724, North Brabant,9,Saturday,4,4
2020-04-04, Alphen-Chaam,1723, North Brabant,11,Saturday,4,4
2020-04-04, Bernheze,1721, North Brabant,69,Saturday,4,4
2020-04-04, Drimmelen,1719, North Brabant,14,Saturday,4,4
2020-04-04, Sluis,1714, Zeeland,4,Saturday,4,4
2020-04-04, Landerd,1685, North Brabant,23,Saturday,4,4
2020-04-04, Echt-Susteren,1711, Limburg,23,Saturday,4,4
2020-04-04, Steenwijkerland,1708, Overijssel,8,Saturday,4,4
2020-04-04, Cranendonck,1706, North Brabant,44,Saturday,4,4
2020-04-04, Lingewaard,1705, Gelderland,19,Saturday,4,4
2020-04-04, Sint Anthonis,1702, Noord-Brabant,15,Saturday,4,4
2020-04-04, Westerveld,1701, Drenthe,3,Saturday,4,4
2020-04-04, Twenterand,1700, Overijssel,7,Saturday,4,4
2020-04-04, Noordenveld,1699, Drenthe,1,Saturday,4,4
2020-04-04, Wijdemeren,1696, North Holland,5,Saturday,4,4
2020-04-04, Moerdijk,1709, North Brabant,7,Saturday,4,4
2020-04-04, Voorschoten,626, South Holland,7,Saturday,4,4
2020-04-04, Lopik,331, Utrecht,12,Saturday,4,4
2020-04-04, Westvoorne,614, South Holland,5,Saturday,4,4
2020-04-04, Maasdriel,263, Gelderland,11,Saturday,4,4
2020-04-04, Lochem,262, Gelderland,5,Saturday,4,4
2020-04-04, Heumen,252, Gelderland,12,Saturday,4,4
2020-04-04, Heerde,246, Gelderland,20,Saturday,4,4
2020-04-04, Hattem,244, Gelderland,6,Saturday,4,4
2020-04-04, Harderwijk,243, Gelderland,8,Saturday,4,4
2020-04-04, Ermelo,233, Gelderland,12,Saturday,4,4
2020-04-04, Epe,232, Gelderland,11,Saturday,4,4
2020-04-04, Elburg,230, Gelderland,4,Saturday,4,4
2020-04-04, Ede,228, Gelderland,34,Saturday,4,4
2020-04-04, Duiven,226, Gelderland,5,Saturday,4,4
2020-04-04, Druten,225, Gelderland,16,Saturday,4,4
2020-04-04, Doetinchem,222, Gelderland,6,Saturday,4,4
2020-04-04, Doesburg,221, Gelderland,3,Saturday,4,4
2020-04-04, Culemborg,216, Gelderland,18,Saturday,4,4
2020-04-04, Buren,214, Gelderland,6,Saturday,4,4
2020-04-04, Brummen,213, Gelderland,6,Saturday,4,4
2020-04-04, Nijkerk,267, Gelderland,17,Saturday,4,4
2020-04-04, Nijmegen,268, Gelderland,88,Saturday,4,4
2020-04-04, Oldebroek,269, Gelderland,9,Saturday,4,4
2020-04-04, Putten,273, Gelderland,1,Saturday,4,4
2020-04-04, Bunnik,312, Utrecht,5,Saturday,4,4
2020-04-04, De Bilt,310, Utrecht,16,Saturday,4,4
2020-04-04, Baarn,308, Utrecht,7,Saturday,4,4
2020-04-04, Amersfoort,307, Utrecht,34,Saturday,4,4
2020-04-04, Dronten,303, Flevoland,15,Saturday,4,4
2020-04-04, Nunspeet,302, Gelderland,19,Saturday,4,4
2020-04-04, Zutphen,301, Gelderland,10,Saturday,4,4
2020-04-04, Zevenaar,299, Gelderland,24,Saturday,4,4
2020-04-04, Beuningen,209, Gelderland,15,Saturday,4,4
2020-04-04, Zaltbommel,297, Gelderland,10,Saturday,4,4
2020-04-04, Winterswijk,294, Gelderland,1,Saturday,4,4
2020-04-04, Westervoort,293, Gelderland,4,Saturday,4,4
2020-04-04, Wageningen,289, Gelderland,8,Saturday,4,4
2020-04-04, Voorst,285, Gelderland,7,Saturday,4,4
2020-04-04, Tiel,281, Gelderland,24,Saturday,4,4
2020-04-04, Rozendaal,277, Gelderland,1,Saturday,4,4
2020-04-04, Rheden,275, Gelderland,28,Saturday,4,4
2020-04-04, Renkum,274, Gelderland,11,Saturday,4,4
2020-04-04, Wijchen,296, Gelderland,33,Saturday,4,4
2020-04-04, Barneveld,203, Gelderland,9,Saturday,4,4
2020-04-04, Arnhem,202, Gelderland,39,Saturday,4,4
2020-04-04, Apeldoorn,200, Gelderland,26,Saturday,4,4
2020-04-04, Hoogeveen,118, Drenthe,7,Saturday,4,4
2020-04-04, Emmen,114, Drenthe,9,Saturday,4,4
2020-04-04, Coevorden,109, Drenthe,7,Saturday,4,4
2020-04-04, Assen,106, Drenthe,7,Saturday,4,4
2020-04-04, Weststellingwerf,98, Friesland,2,Saturday,4,4
2020-04-04, Smallingerland,90, Friesland,5,Saturday,4,4
2020-04-04, Opsterland,86, Friesland,5,Saturday,4,4
2020-04-04, Ooststellingwerf,85, Friesland,1,Saturday,4,4
2020-04-04, Meppel,119, Drenthe,4,Saturday,4,4
2020-04-04, Leeuwarden,80, Friesland,25,Saturday,4,4
2020-04-04, Harlingen,72, Friesland,2,Saturday,4,4
2020-04-04, Zeewolde,50, Flevoland,5,Saturday,4,4
2020-04-04, Veendam,47, Groningen,1,Saturday,4,4
2020-04-04, Almere,34, Flevoland,72,Saturday,4,4
2020-04-04, Groningen,14, Groningen,13,Saturday,4,4
2020-04-04, Delfzijl,10, Groningen,4,Saturday,4,4
2020-04-04, Appingedam,3, Groningen,2,Saturday,4,4
2020-04-04, Noardeast-Fryslân,1970, Friesland,4,Saturday,4,4
2020-04-04, Heerenveen,74, Friesland,9,Saturday,4,4
2020-04-04, Bunschoten,313, Utrecht,2,Saturday,4,4
2020-04-04, Almelo,141, Overijssel,13,Saturday,4,4
2020-04-04, Dalfsen,148, Overijssel,10,Saturday,4,4
2020-04-04, Aalten,197, Gelderland,1,Saturday,4,4
2020-04-04, Zwolle,193, Overijssel,35,Saturday,4,4
2020-04-04, Wierden,189, Overijssel,2,Saturday,4,4
2020-04-04, Urk,184, Flevoland,14,Saturday,4,4
2020-04-04, Tubbergen,183, Overijssel,9,Saturday,4,4
2020-04-04, Staphorst,180, Overijssel,4,Saturday,4,4
2020-04-04, Raalte,177, Overijssel,18,Saturday,4,4
2020-04-04, Ommen,175, Overijssel,6,Saturday,4,4
2020-04-04, Borne,147, Overijssel,13,Saturday,4,4
2020-04-04, Oldenzaal,173, Overijssel,10,Saturday,4,4
2020-04-04, Losser,168, Overijssel,6,Saturday,4,4
2020-04-04, Kampen,166, Overijssel,39,Saturday,4,4
2020-04-04, Hengelo,164, Overijssel,10,Saturday,4,4
2020-04-04, Hellendoorn,163, Overijssel,6,Saturday,4,4
2020-04-04, Hardenberg,160, Overijssel,10,Saturday,4,4
2020-04-04, Haaksbergen,158, Overijssel,9,Saturday,4,4
2020-04-04, Enschede,153, Overijssel,34,Saturday,4,4
2020-04-04, Deventer,150, Overijssel,26,Saturday,4,4
2020-04-04, Noordoostpolder,171, Flevoland,8,Saturday,4,4
2020-04-04, Vlaardingen,622, South Holland,18,Saturday,4,4
2020-04-04, Eemnes,317, Utrecht,1,Saturday,4,4
2020-04-04, Leusden,327, Utrecht,5,Saturday,4,4
2020-04-04, The Hague,518, South Holland,121,Saturday,4,4
2020-04-04, Gouda,513, South Holland,21,Saturday,4,4
2020-04-04, Gorinchem,512, South Holland,10,Saturday,4,4
2020-04-04, Dordrecht,505, South Holland,45,Saturday,4,4
2020-04-04, Delft,503, South Holland,25,Saturday,4,4
2020-04-04, Capelle aan den IJssel,502, South Holland,23,Saturday,4,4
2020-04-04, Brielle,501, South Holland,7,Saturday,4,4
2020-04-04, Drechterland,498, North Holland,1,Saturday,4,4
2020-04-04, Barendrecht,489, South Holland,21,Saturday,4,4
2020-04-04, Alphen aan den Rijn,484, South Holland,37,Saturday,4,4
2020-04-04, Alblasserdam,482, South Holland,5,Saturday,4,4
2020-04-04, Zaanstad,479, North Holland,70,Saturday,4,4
2020-04-04, Zandvoort,473, North Holland,7,Saturday,4,4
2020-04-04, Weesp,457, North Holland,5,Saturday,4,4
2020-04-04, Velsen,453, North Holland,17,Saturday,4,4
2020-04-04, Uithoorn,451, North Holland,9,Saturday,4,4
2020-04-04, Uitgeest,450, North Holland,3,Saturday,4,4
2020-04-04, Hardinxveld-Giessendam,523, South Holland,1,Saturday,4,4
2020-04-04, Hellevoetsluis,530, South Holland,7,Saturday,4,4
2020-04-04, Hendrik-Ido-Ambacht,531, South Holland,3,Saturday,4,4
2020-04-04, Stede Broec,532, North Holland,13,Saturday,4,4
2020-04-04, Albrandswaard,613, South Holland,5,Saturday,4,4
2020-04-04, Sliedrecht,610, South Holland,3,Saturday,4,4
2020-04-04, Schiedam,606, South Holland,23,Saturday,4,4
2020-04-04, Rijswijk,603, South Holland,14,Saturday,4,4
2020-04-04, Rotterdam,599, South Holland,172,Saturday,4,4
2020-04-04, Ridderkerk,597, South Holland,24,Saturday,4,4
2020-04-04, Papendrecht,590, South Holland,3,Saturday,4,4
2020-04-04, Oudewater,589, Utrecht,16,Saturday,4,4
2020-04-04, Texel,448, North Holland,2,Saturday,4,4
2020-04-04, Oegstgeest,579, South Holland,5,Saturday,4,4
2020-04-04, Nieuwkoop,569, South Holland,6,Saturday,4,4
2020-04-04, Maassluis,556, South Holland,10,Saturday,4,4
2020-04-04, Lisse,553, South Holland,4,Saturday,4,4
2020-04-04, Leiderdorp,547, South Holland,6,Saturday,4,4
2020-04-04, Leiden,546, South Holland,19,Saturday,4,4
2020-04-04, Krimpen aan den IJssel,542, South Holland,4,Saturday,4,4
2020-04-04, Katwijk,537, South Holland,12,Saturday,4,4
2020-04-04, Hillegom,534, South Holland,5,Saturday,4,4
2020-04-04, Noordwijk,575, South Holland,9,Saturday,4,4
2020-04-04, Schagen,441, North Holland,12,Saturday,4,4
2020-04-04, Purmerend,439, North Holland,47,Saturday,4,4
2020-04-04, Ouder-Amstel,437, North Holland,4,Saturday,4,4
2020-04-04, Beverwijk,375, North Holland,9,Saturday,4,4
2020-04-04, Bergen (NH.),373, North Holland,11,Saturday,4,4
2020-04-04, Beemster,370, North Holland,4,Saturday,4,4
2020-04-04, Amsterdam,363, North Holland,306,Saturday,4,4
2020-04-04, Amstelveen,362, North Holland,37,Saturday,4,4
2020-04-04, Alkmaar,361, North Holland,33,Saturday,4,4
2020-04-04, Aalsmeer,358, North Holland,7,Saturday,4,4
2020-04-04, Nieuwegein,356, Utrecht,21,Saturday,4,4
2020-04-04, Blaricum,376, North Holland,5,Saturday,4,4
2020-04-04, Zeist,355, Utrecht,20,Saturday,4,4
2020-04-04, Wijk bij Duurstede,352, Utrecht,7,Saturday,4,4
2020-04-04, Woudenberg,351, Utrecht,5,Saturday,4,4
2020-04-04, Veenendaal,345, Utrecht,9,Saturday,4,4
2020-04-04, Utrecht,344, Utrecht,111,Saturday,4,4
2020-04-04, Soest,342, Utrecht,14,Saturday,4,4
2020-04-04, Rhenen,340, Utrecht,3,Saturday,4,4
2020-04-04, Renswoude,339, Utrecht,3,Saturday,4,4
2020-04-04, Montfoort,335, Utrecht,11,Saturday,4,4
2020-04-04, IJsselstein,353, Utrecht,23,Saturday,4,4
2020-04-04, Houten,321, Utrecht,13,Saturday,4,4
2020-04-04, Bloemendaal,377, North Holland,4,Saturday,4,4
2020-04-04, Diemen,384, North Holland,4,Saturday,4,4
2020-04-04, Opmeer,432, North Holland,1,Saturday,4,4
2020-04-04, Oostzaan,431, North Holland,5,Saturday,4,4
2020-04-04, Medemblik,420, North Holland,10,Saturday,4,4
2020-04-04, Laren,417, North Holland,7,Saturday,4,4
2020-04-04, Langedijk,416, North Holland,11,Saturday,4,4
2020-04-04, Landsmeer,415, North Holland,3,Saturday,4,4
2020-04-04, Huizen,406, North Holland,13,Saturday,4,4
2020-04-04, Hoorn,405, North Holland,18,Saturday,4,4
2020-04-04, Castricum,383, North Holland,12,Saturday,4,4
2020-04-04, Hilversum,402, North Holland,17,Saturday,4,4
2020-04-04, Heiloo,399, North Holland,7,Saturday,4,4
2020-04-04, Heerhugowaard,398, North Holland,22,Saturday,4,4
2020-04-04, Heemstede,397, North Holland,8,Saturday,4,4
2020-04-04, Heemskerk,396, North Holland,18,Saturday,4,4
2020-04-04, Haarlemmermeer,394, North Holland,39,Saturday,4,4
2020-04-04, Haarlem,392, North Holland,34,Saturday,4,4
2020-04-04, Enkhuizen,388, North Holland,14,Saturday,4,4
2020-04-04, Edam-Volendam,385, North Holland,14,Saturday,4,4
2020-04-04, Den Helder,400, North Holland,7,Saturday,4,4
2020-04-04, Molenlanden,1978, South Holland,14,Saturday,4,4
